Turn,Theme_TM,Theme_AG,Theme_HB,Theme_MH
71.0,Motivations,Motivations,Motivations,Motivations
31.0,Rules,Rules,Rules,Rules
41.0,Managerial,Managerial,Managerial,Managerial
47.1,Operational,Operational,Operational,Operational
73.0,Norms,Norms,Norms,Motivations
63.1,Rules,Rules,Rules,Motivations
1048.0,Rules,Operational,Rules,Rules
1117.0,Motivations,Norms,outlier,Affordances
1082.0,Affordances,Affordances,Affordances,Affordances
1121.0,Affordances,Norms,outlier,Affordances
1080.0,Motivations,Motivations,Motivations,Motivations
1179.0,Motivations,Operational,Managerial,Operational
1216.0,Motivations,Operational,outlier,Motivations
1230.0,Norms,Norms,Norms,Rules
1226.0,Norms,Norms,Norms,Norms
1197.1,Rules,Operational,Operational,Managerial
1197.2,Rules,Operational,outlier,Operational
1171.1,Managerial,Managerial,Managerial,Managerial
1214.0,Managerial,Motivations,Motivations,Motivations
1228.2,Operational,Operational,Operational,Managerial
1195.0,Managerial,Operational,Operational,Operational
1234.1,Affordances,Affordances,Affordances,Affordances
1370.0,Affordances,Affordances,Affordances,Affordances
1363.0,Rules,Operational,Norms,Operational
1327.0,Motivations,Motivations,Motivations,Motivations
1365.1,Motivations,Motivations,Motivations,Motivations
1303.0,Operational,Operational,Operational,Operational
1313.0,Norms,Operational,Operational,Operational
1309.0,Rules,Managerial,Managerial,Managerial
1319.0,Operational,Operational,Operational,Operational
1319.1,Operational,Operational,Operational,Operational
1351.0,Affordances,Affordances,Affordances,Norms
1475.0,Managerial,Managerial,Operational,Managerial
1436.0,Norms,Norms,Norms,Rules
1492.0,Affordances,Affordances,Affordances,Affordances
1420.0,Managerial,Managerial,Managerial,Managerial
1468.0,Norms,Norms,Norms,Norms
1451.0,Operational,Affordances,outlier,Operational
1454.0,Operational,Operational,Operational,Managerial
1557.0,Operational,Operational,Operational,Operational
1545.0,Operational,Operational,outlier,Operational
1529.0,Norms,Motivations,Norms,Motivations
1592.0,Rules,Operational,Operational,Operational
1563.0,Managerial,Managerial,Managerial,Managerial
1599.0,Affordances,Operational,Operational,Operational
1607.0,Motivations,Affordances,Affordances,Motivations
1609.0,Managerial,Operational,Affordances,Operational
1597.0,Motivations,Operational,Operational,Operational
1553.0,Managerial,Managerial,Managerial,Managerial
1616.1,Norms,Norms,Norms,Norms
1635.0,Motivations,Managerial,Managerial,Managerial
1755.0,Affordances,Affordances,Affordances,Affordances
1791.0,Motivations,Motivations,Norms,Motivations
1720.0,Motivations,Motivations,Motivations,Motivations
1718.0,Norms,Operational,Norms,Motivations
1747.0,Managerial,Norms,Norms,Rules
1767.0,Affordances,Affordances,Affordances,Affordances
1722.0,Rules,outlier,Operational,Operational
1702.0,Managerial,Managerial,Managerial,Managerial
1887.0,Rules,Rules,Rules,Rules
1879.0,Rules,Rules,Rules,Rules
1921.0,Rules,Norms,Norms,Rules
1905.0,Motivations,Motivations,Motivations,Motivations
1854.1,Operational,Operational,Operational,Operational
1856.0,Rules,Rules,Managerial,Rules
2027.0,Affordances,Affordances,Affordances,Affordances
2037.0,Managerial,Motivations,Motivations,Motivations
1989.0,Operational,Operational,Operational,Operational
1987.0,Operational,Operational,Operational,Operational
2112.0,Motivations,Motivations,Motivations,Motivations
2108.0,Managerial,Managerial,Managerial,Managerial
2132.0,Managerial,Managerial,Managerial,Operational
2136.0,Affordances,outlier,outlier,outlier
2118.0,Rules,Rules,Rules,Rules
2100.2,Managerial,Operational,Operational,Operational
2201.0,Operational,Managerial,Operational,Managerial
2246.0,Norms,Norms,Norms,Motivations
2195.0,Rules,Rules,Rules,Rules
2281.0,Norms,Norms,Norms,Norms
2250.1,Rules,Rules,Rules,Rules
2285.1,Operational,Affordances,Affordances,Affordances
2221.0,Managerial,outlier,Managerial,Managerial
2255.0,Motivations,Motivations,Motivations,Motivations
2299.0,Norms,Norms,Norms,Norms
2299.4,Motivations,Rules,Rules,Motivations
142.0,Motivations,Motivations,Motivations,Motivations
152.0,Rules,Rules,Rules,Rules
162.0,Affordances,Affordances,Affordances,Affordances
164.1,Rules,Norms,Norms,Rules
140.0,Managerial,Operational,Operational,Rules
140.2,Managerial,outlier,Operational,Rules
2377.0,Rules,Rules,Norms,Rules
2391.0,Motivations,Motivations,Motivations,Motivations
2349.0,Managerial,Managerial,Managerial,Managerial
2423.0,Affordances,Affordances,Affordances,Affordances
2343.0,Rules,Norms,Norms,Norms
2367.2,Rules,Operational,Operational,Operational
2347.2,Operational,Rules,Managerial,Rules
2347.4,Operational,Rules,Operational,Rules
2482.0,Operational,Operational,Operational,Operational
2491.1,Operational,Managerial,Managerial,outlier
2504.1,Affordances,Norms,Norms,Operational
2500.0,Norms,Norms,Norms,Norms
2498.1,Managerial,Norms,Motivations,Motivations
2498.3,Managerial,outlier,outlier,Operational
2510.5,Norms,Affordances,outlier,Motivations
2574.0,Norms,Norms,Norms,Rules
2601.0,Affordances,Norms,Norms,Norms
2560.0,Operational,Operational,Operational,Operational
2581.0,Managerial,Managerial,Managerial,Managerial
2564.2,Managerial,Operational,Operational,Operational
2588.0,Managerial,Managerial,Motivations,Motivations
2687.0,Norms,Norms,Norms,Norms
2637.0,Norms,Rules,Rules,Rules
2675.0,Motivations,Motivations,Managerial,Operational
2673.0,Affordances,Affordances,Affordances,Affordances
2679.0,Affordances,Affordances,Motivations,Affordances
2691.0,Affordances,Affordances,Affordances,Affordances
2651.0,Managerial,Managerial,outlier,Operational
2694.1,Managerial,Rules,Operational,Rules
2629.1,Managerial,Rules,Rules,Rules
2783.0,Affordances,Affordances,outlier,Affordances
2738.0,Rules,Rules,Rules,Rules
2772.0,Motivations,Motivations,Motivations,Motivations
2774.0,Rules,Norms,Norms,Norms
2750.0,Operational,Operational,Operational,Operational
2767.0,Managerial,Managerial,Managerial,Managerial
2740.1,Operational,Managerial,Operational,Operational
2742.1,Operational,Operational,Operational,Managerial
2878.0,Motivations,Motivations,Motivations,Motivations
2854.1,Managerial,Operational,Operational,Operational
2884.0,Affordances,Norms,outlier,Norms
2973.0,Rules,Norms,Norms,Norms
2957.0,Motivations,Motivations,Motivations,Motivations
2977.0,Rules,Rules,Operational,Rules
2989.1,Affordances,Affordances,Operational,Affordances
2953.1,Managerial,Operational,Operational,Motivations
3102.0,Affordances,Motivations,Norms,Norms
3067.0,Norms,Norms,Norms,Norms
3073.0,Motivations,Motivations,Norms,Norms
3033.1,Motivations,Operational,Operational,Operational
3033.2,Motivations,Operational,Operational,Operational
3214.0,Motivations,Motivations,Motivations,Motivations
3245.0,Norms,Norms,Norms,Norms
3247.0,Motivations,outlier,outlier,Motivations
3384.0,Norms,Norms,Norms,Norms
3342.1,Rules,Operational,Operational,Rules
3315.0,Operational,Managerial,Managerial,Managerial
3402.0,Managerial,outlier,outlier,Managerial
3379.0,Affordances,Affordances,Affordances,Affordances
3388.1,Managerial,Operational,Operational,Operational
3388.2,Managerial,Rules,Motivations,Operational
3394.0,Managerial,Managerial,outlier,outlier
3396.2,Managerial,Motivations,Motivations,Motivations
3361.0,Managerial,Motivations,Motivations,Motivations
228.0,Rules,Managerial,Managerial,Managerial
214.1,Motivations,Motivations,Motivations,Motivations
234.0,Managerial,Managerial,Managerial,Managerial
261.1,Motivations,Motivations,Motivations,Motivations
222.0,Rules,Rules,Rules,Rules
272.1,Affordances,Affordances,Affordances,Affordances
272.2,Affordances,Affordances,Affordances,Affordances
248.3,Motivations,Motivations,Operational,Operational
248.4,Managerial,Managerial,Managerial,Rules
267.3,Norms,Norms,Norms,Norms
3500.0,Affordances,Affordances,Norms,Affordances
3441.0,Rules,Operational,Operational,Operational
3449.1,Operational,Operational,Operational,Operational
3467.2,Norms,Rules,Rules,Rules
3481.1,Norms,Affordances,Motivations,Motivations
3455.1,Managerial,Managerial,Managerial,Managerial
3732.0,Motivations,Motivations,Motivations,Motivations
3764.0,Affordances,Affordances,Affordances,Affordances
3752.0,Norms,Norms,Norms,Norms
3730.0,Norms,Operational,Rules,Operational
3754.1,Norms,Norms,Norms,Rules
3736.1,Norms,Norms,Norms,Norms
3738.0,Motivations,Affordances,Motivations,Motivations
323.1,Operational,outlier,Operational,Operational
329.0,Motivations,Affordances,Norms,Affordances
317.2,Managerial,Operational,Operational,Operational
331.2,Motivations,Affordances,Affordances,Motivations
335.0,Affordances,Norms,outlier,Motivations
479.0,Motivations,Rules,Rules,Rules
397.3,Managerial,Managerial,Managerial,Managerial
425.1,Rules,Managerial,Managerial,Managerial
553.0,Norms,Norms,Norms,Norms
589.0,Affordances,Affordances,Affordances,Affordances
566.0,Managerial,Managerial,Managerial,Managerial
601.0,Operational,Operational,Operational,Operational
551.0,Motivations,Motivations,Motivations,Motivations
610.0,Affordances,Affordances,Affordances,Affordances
585.0,Motivations,Motivations,Motivations,Motivations
525.0,Managerial,Rules,Managerial,Managerial
529.0,Rules,Rules,Managerial,Managerial
545.0,Operational,Operational,Operational,Operational
711.0,Affordances,Affordances,Affordances,Affordances
683.0,Rules,Managerial,Managerial,Managerial
705.0,Motivations,Motivations,Motivations,Motivations
988.1,Affordances,outlier,Norms,Managerial
962.0,Managerial,Norms,Norms,Affordances
968.2,Motivations,Motivations,Motivations,Motivations
959.2,Managerial,Operational,outlier,Motivations
959.5,Managerial,Operational,Operational,Operational
959.6,Managerial,Operational,Operational,Operational
871.0,Motivations,Motivations,Motivations,Motivations
767.0,Managerial,outlier,outlier,outlier
886.0,Affordances,Affordances,Affordances,Affordances
823.0,Managerial,Operational,Operational,Managerial
797.1,Rules,Rules,Rules,Rules
