{
  "topic_representations": {
    "-1": [
      [
        "that",
        0.0164634082940999
      ],
      [
        "the",
        0.01617740205425613
      ],
      [
        "and",
        0.016070666464323407
      ],
      [
        "to",
        0.01540101705325049
      ],
      [
        "you",
        0.014713532563477178
      ],
      [
        "it",
        0.014249547387888197
      ],
      [
        "like",
        0.014006423458316937
      ],
      [
        "of",
        0.013649533712667123
      ],
      [
        "we",
        0.01072824288709447
      ],
      [
        "so",
        0.009699261269535965
      ]
    ],
    "0": [
      [
        "you",
        0.02352760205282947
      ],
      [
        "to",
        0.01576314744664655
      ],
      [
        "that",
        0.015214907770023408
      ],
      [
        "the",
        0.014437475263835098
      ],
      [
        "and",
        0.014146663307464507
      ],
      [
        "of",
        0.013318847790585505
      ],
      [
        "online",
        0.013065993702139945
      ],
      [
        "in",
        0.012582129977792102
      ],
      [
        "think",
        0.012504646455710667
      ],
      [
        "know",
        0.011794418563211695
      ]
    ],
    "1": [
      [
        "the",
        0.0196760198810908
      ],
      [
        "rules",
        0.017496919808083187
      ],
      [
        "we",
        0.01619297114255344
      ],
      [
        "that",
        0.01604030493357614
      ],
      [
        "to",
        0.015919306448898704
      ],
      [
        "and",
        0.014849545779648012
      ],
      [
        "of",
        0.014133938858476271
      ],
      [
        "it",
        0.014120575156891827
      ],
      [
        "you",
        0.011937575724608336
      ],
      [
        "so",
        0.01121226996252107
      ]
    ],
    "2": [
      [
        "that",
        0.016797858147702745
      ],
      [
        "it",
        0.016397640960942053
      ],
      [
        "to",
        0.015710071066526044
      ],
      [
        "the",
        0.015591836725282797
      ],
      [
        "think",
        0.014650182383837062
      ],
      [
        "and",
        0.01435984252151269
      ],
      [
        "of",
        0.013638359797899574
      ],
      [
        "be",
        0.012937399338915497
      ],
      [
        "human",
        0.012641736734321118
      ],
      [
        "you",
        0.012389295202351979
      ]
    ],
    "3": [
      [
        "the",
        0.019396438334278756
      ],
      [
        "so",
        0.017708088187851096
      ],
      [
        "and",
        0.015470300012470678
      ],
      [
        "that",
        0.014962649280414549
      ],
      [
        "it",
        0.014202547702533203
      ],
      [
        "of",
        0.014119929726437086
      ],
      [
        "or",
        0.01282071752379695
      ],
      [
        "just",
        0.012656018884816786
      ],
      [
        "queue",
        0.012481911853376045
      ],
      [
        "mod",
        0.012477110455951106
      ]
    ],
    "4": [
      [
        "speech",
        0.02346545924531521
      ],
      [
        "you",
        0.02213357628190964
      ],
      [
        "free",
        0.021045219677236056
      ],
      [
        "free speech",
        0.019747117172996032
      ],
      [
        "that",
        0.016743285277961217
      ],
      [
        "to",
        0.016485489097053843
      ],
      [
        "it",
        0.01610487813098028
      ],
      [
        "the",
        0.015084983419913553
      ],
      [
        "is",
        0.01395755654738238
      ],
      [
        "not",
        0.01311136324677764
      ]
    ],
    "5": [
      [
        "you",
        0.018732505276351112
      ],
      [
        "and",
        0.015955005293612105
      ],
      [
        "the",
        0.01570345880010599
      ],
      [
        "to",
        0.015309496710094872
      ],
      [
        "that",
        0.014261574142790463
      ],
      [
        "would",
        0.01408221938798226
      ],
      [
        "it",
        0.013985773585317772
      ],
      [
        "moderation",
        0.013756544285912688
      ],
      [
        "people",
        0.011887532520050472
      ],
      [
        "just",
        0.011844075451915103
      ]
    ],
    "6": [
      [
        "the",
        0.023336239620184888
      ],
      [
        "we",
        0.017707875789173134
      ],
      [
        "and",
        0.016212001452109617
      ],
      [
        "so",
        0.015376658727226843
      ],
      [
        "that",
        0.015315454886662184
      ],
      [
        "of",
        0.01444335631149954
      ],
      [
        "hierarchy",
        0.012438142843542105
      ],
      [
        "it",
        0.012010675973012643
      ],
      [
        "to",
        0.01112216678527463
      ],
      [
        "there",
        0.010980443041471824
      ]
    ],
    "7": [
      [
        "it",
        0.019079042803132506
      ],
      [
        "and",
        0.01832553134195423
      ],
      [
        "of",
        0.01718498801935746
      ],
      [
        "the",
        0.016821100401004326
      ],
      [
        "like",
        0.015985882864809862
      ],
      [
        "that",
        0.015474370752861776
      ],
      [
        "to",
        0.013800147707322023
      ],
      [
        "you",
        0.011159549937541863
      ],
      [
        "is",
        0.010877057027127499
      ],
      [
        "we",
        0.010670512459476963
      ]
    ],
    "8": [
      [
        "harm",
        0.017372179711621156
      ],
      [
        "that",
        0.01718152215311602
      ],
      [
        "and",
        0.01678249973105727
      ],
      [
        "of",
        0.016213832246457546
      ],
      [
        "the",
        0.016104959292309876
      ],
      [
        "to",
        0.015604929626730081
      ],
      [
        "you",
        0.013208373734219734
      ],
      [
        "it",
        0.012890710548979176
      ],
      [
        "think",
        0.012525728861036643
      ],
      [
        "is",
        0.01230546274277604
      ]
    ],
    "9": [
      [
        "it",
        0.020746263243859715
      ],
      [
        "we",
        0.020575540072558407
      ],
      [
        "that",
        0.019564291633267655
      ],
      [
        "like",
        0.01785513202106748
      ],
      [
        "to",
        0.015727958362319498
      ],
      [
        "and",
        0.01438300145891082
      ],
      [
        "the",
        0.014211291207245243
      ],
      [
        "so",
        0.013251842848765695
      ],
      [
        "of",
        0.012578127374568655
      ],
      [
        "auto",
        0.010845841099533961
      ]
    ],
    "10": [
      [
        "online",
        0.018715568162420856
      ],
      [
        "you",
        0.016029579774538512
      ],
      [
        "moderation",
        0.01587182489906088
      ],
      [
        "and",
        0.015546781366924915
      ],
      [
        "of",
        0.014422416324096134
      ],
      [
        "in",
        0.013857954699485213
      ],
      [
        "to",
        0.013633431837915558
      ],
      [
        "think",
        0.013487442125648072
      ],
      [
        "the",
        0.012994080232260539
      ],
      [
        "that",
        0.012147755095644974
      ]
    ],
    "11": [
      [
        "of",
        0.017289821311493325
      ],
      [
        "that",
        0.016369727749156175
      ],
      [
        "the",
        0.01634222621206146
      ],
      [
        "to",
        0.016218539535627165
      ],
      [
        "like",
        0.015852467769978396
      ],
      [
        "and",
        0.015710542667975034
      ],
      [
        "you",
        0.01447146509754449
      ],
      [
        "know",
        0.014345542811831542
      ],
      [
        "is",
        0.013836362733122571
      ],
      [
        "you know",
        0.013410085241484673
      ]
    ],
    "12": [
      [
        "to",
        0.02304787309709768
      ],
      [
        "the",
        0.017542312428705485
      ],
      [
        "and",
        0.015733064655356767
      ],
      [
        "it",
        0.015244426924709235
      ],
      [
        "you",
        0.015013486743806509
      ],
      [
        "that",
        0.014566861410524
      ],
      [
        "like",
        0.01414728102864101
      ],
      [
        "of",
        0.011906632833039891
      ],
      [
        "people",
        0.01110572660014194
      ],
      [
        "is",
        0.011000981421213299
      ]
    ],
    "13": [
      [
        "we",
        0.020634879894690927
      ],
      [
        "of",
        0.017321478225620853
      ],
      [
        "to",
        0.015353318181632766
      ],
      [
        "in",
        0.013935952606099204
      ],
      [
        "the",
        0.01390129353259669
      ],
      [
        "and",
        0.012940938418969282
      ],
      [
        "that",
        0.012518193743650001
      ],
      [
        "so",
        0.012446345489060017
      ],
      [
        "have",
        0.010854928466867532
      ],
      [
        "other",
        0.010617233187514782
      ]
    ],
    "14": [
      [
        "to",
        0.020228403723638166
      ],
      [
        "and",
        0.018821330606200497
      ],
      [
        "goal",
        0.018612940809759594
      ],
      [
        "the",
        0.017566643772292365
      ],
      [
        "that",
        0.017469614413313062
      ],
      [
        "subreddit",
        0.017137161674413558
      ],
      [
        "it",
        0.014948838801663731
      ],
      [
        "of",
        0.01463404414021504
      ],
      [
        "just",
        0.014279767075231422
      ],
      [
        "you",
        0.013333473084631424
      ]
    ],
    "15": [
      [
        "we",
        0.026779386943715466
      ],
      [
        "ban",
        0.018308830466662332
      ],
      [
        "and",
        0.01759651909571315
      ],
      [
        "that",
        0.013963308168666007
      ],
      [
        "they",
        0.01365529069030405
      ],
      [
        "ll",
        0.013342769997301336
      ],
      [
        "to",
        0.01284429193052329
      ],
      [
        "you",
        0.012638923757577098
      ],
      [
        "it",
        0.012638893464353648
      ],
      [
        "do",
        0.012591193971377338
      ]
    ],
    "16": [
      [
        "quality",
        0.025227319057319043
      ],
      [
        "that",
        0.019257267217339717
      ],
      [
        "the",
        0.017231630514726298
      ],
      [
        "to",
        0.017073729488215453
      ],
      [
        "like",
        0.016452078610513964
      ],
      [
        "of",
        0.016092663953163142
      ],
      [
        "it",
        0.014732918302550049
      ],
      [
        "subreddit",
        0.014691208885669684
      ],
      [
        "you",
        0.014509727044864848
      ],
      [
        "high",
        0.014326271742845415
      ]
    ],
    "17": [
      [
        "you",
        0.018474769909637607
      ],
      [
        "like",
        0.01845211669159339
      ],
      [
        "that",
        0.0183245797205492
      ],
      [
        "the",
        0.017665314766477654
      ],
      [
        "re",
        0.014646242912828244
      ],
      [
        "and",
        0.013617246446043585
      ],
      [
        "it",
        0.01324161330146808
      ],
      [
        "you re",
        0.0131191520228878
      ],
      [
        "of",
        0.0128817523144525
      ],
      [
        "to",
        0.012495606267233481
      ]
    ],
    "18": [
      [
        "rediquette",
        0.024556612696896945
      ],
      [
        "it",
        0.018398203096751324
      ],
      [
        "that",
        0.018134095523869895
      ],
      [
        "the",
        0.016455361700280554
      ],
      [
        "you",
        0.015987781652571007
      ],
      [
        "like",
        0.015178354052762306
      ],
      [
        "and",
        0.015169069402857668
      ],
      [
        "is",
        0.014822917254350141
      ],
      [
        "think",
        0.014459568573284913
      ],
      [
        "we",
        0.014453314731172544
      ]
    ],
    "19": [
      [
        "like",
        0.020402474284103606
      ],
      [
        "you",
        0.018846820808957
      ],
      [
        "so",
        0.018812947839865455
      ],
      [
        "and",
        0.018521966619720255
      ],
      [
        "the",
        0.016391762865393383
      ],
      [
        "that",
        0.016167443062662105
      ],
      [
        "it",
        0.015534518778049592
      ],
      [
        "of",
        0.015418971877988005
      ],
      [
        "know",
        0.015149151800789996
      ],
      [
        "we",
        0.014657648615187289
      ]
    ],
    "20": [
      [
        "to",
        0.01723256672578633
      ],
      [
        "that",
        0.015977168330711184
      ],
      [
        "the",
        0.01581611832595888
      ],
      [
        "it",
        0.014562870769048776
      ],
      [
        "of",
        0.01439197724466261
      ],
      [
        "is",
        0.01424708964171248
      ],
      [
        "re",
        0.013064273430126444
      ],
      [
        "and",
        0.012466781041144855
      ],
      [
        "you",
        0.012065707081753717
      ],
      [
        "if",
        0.011702106130945309
      ]
    ],
    "21": [
      [
        "and",
        0.022622569493545255
      ],
      [
        "was",
        0.018915847386001883
      ],
      [
        "like",
        0.01772662610414249
      ],
      [
        "he",
        0.01666832752765733
      ],
      [
        "the",
        0.016548858073577602
      ],
      [
        "it",
        0.016025563800837403
      ],
      [
        "that",
        0.01547774871280239
      ],
      [
        "you",
        0.013984750683065124
      ],
      [
        "removed",
        0.012821060806268918
      ],
      [
        "so",
        0.011949039162700946
      ]
    ],
    "22": [
      [
        "to",
        0.02285582534156924
      ],
      [
        "you",
        0.021437897825892505
      ],
      [
        "know",
        0.01762120521906757
      ],
      [
        "like",
        0.017530087949395284
      ],
      [
        "they",
        0.016257893835382408
      ],
      [
        "it",
        0.015329337651630293
      ],
      [
        "you know",
        0.014719012221993224
      ],
      [
        "the",
        0.013984778309268904
      ],
      [
        "think",
        0.013271721023120544
      ],
      [
        "and",
        0.01317186036140229
      ]
    ],
    "23": [
      [
        "and",
        0.02097449585830977
      ],
      [
        "the",
        0.01973305569749091
      ],
      [
        "like",
        0.019415130387273195
      ],
      [
        "of",
        0.016340159530220597
      ],
      [
        "was",
        0.015522682697182813
      ],
      [
        "to",
        0.01316144599143261
      ],
      [
        "it",
        0.01282243011616246
      ],
      [
        "you",
        0.011963540026850695
      ],
      [
        "we",
        0.01126594755976559
      ],
      [
        "have",
        0.011206329698832644
      ]
    ],
    "24": [
      [
        "of",
        0.024856110755182563
      ],
      [
        "that",
        0.020950386401566195
      ],
      [
        "it",
        0.019040024157535473
      ],
      [
        "the",
        0.01724068972815188
      ],
      [
        "and",
        0.0168431350171189
      ],
      [
        "is",
        0.016824532051922397
      ],
      [
        "you",
        0.012702685859068256
      ],
      [
        "in",
        0.012066395217022066
      ],
      [
        "think",
        0.011816725340600609
      ],
      [
        "management",
        0.011180524187387601
      ]
    ],
    "25": [
      [
        "we",
        0.022502113536102798
      ],
      [
        "to",
        0.0212986853803468
      ],
      [
        "and",
        0.017957105704177592
      ],
      [
        "the",
        0.017232144257884434
      ],
      [
        "it",
        0.01671870360192911
      ],
      [
        "just",
        0.016030911266137995
      ],
      [
        "is",
        0.016029051911098872
      ],
      [
        "that",
        0.014257022770250106
      ],
      [
        "this",
        0.012722252786754422
      ],
      [
        "people",
        0.012228194984885754
      ]
    ]
  },
  "topics": [
    8,
    -1,
    0,
    3,
    14,
    1,
    -1,
    1,
    2,
    1,
    13,
    6,
    0,
    0,
    -1,
    -1,
    -1,
    4,
    0,
    3,
    -1,
    10,
    0,
    9,
    3,
    2,
    25,
    -1,
    8,
    12,
    -1,
    -1,
    10,
    1,
    -1,
    -1,
    -1,
    2,
    1,
    22,
    1,
    24,
    14,
    0,
    -1,
    6,
    10,
    0,
    -1,
    11,
    3,
    -1,
    7,
    6,
    1,
    11,
    -1,
    10,
    5,
    5,
    -1,
    -1,
    10,
    -1,
    14,
    -1,
    1,
    18,
    -1,
    4,
    -1,
    9,
    18,
    -1,
    8,
    -1,
    -1,
    8,
    -1,
    6,
    10,
    -1,
    4,
    4,
    6,
    -1,
    -1,
    17,
    -1,
    -1,
    4,
    -1,
    -1,
    6,
    -1,
    0,
    0,
    0,
    5,
    -1,
    -1,
    -1,
    -1,
    -1,
    -1,
    25,
    -1,
    2,
    2,
    -1,
    23,
    5,
    2,
    -1,
    1,
    18,
    10,
    -1,
    0,
    13,
    -1,
    1,
    -1,
    8,
    19,
    3,
    9,
    -1,
    5,
    3,
    -1,
    -1,
    -1,
    -1,
    -1,
    6,
    3,
    1,
    6,
    1,
    -1,
    9,
    9,
    -1,
    -1,
    5,
    -1,
    -1,
    -1,
    0,
    0,
    7,
    19,
    -1,
    -1,
    -1,
    15,
    -1,
    -1,
    0,
    17,
    13,
    14,
    1,
    -1,
    8,
    13,
    18,
    -1,
    15,
    9,
    15,
    -1,
    2,
    -1,
    11,
    6,
    3,
    10,
    4,
    -1,
    13,
    7,
    -1,
    -1,
    16,
    15,
    9,
    1,
    -1,
    -1,
    9,
    3,
    -1,
    -1,
    16,
    -1,
    21,
    1,
    6,
    3,
    8,
    18,
    0,
    16,
    3,
    13,
    -1,
    -1,
    5,
    -1,
    1,
    10,
    3,
    -1,
    2,
    -1,
    20,
    -1,
    21,
    -1,
    -1,
    4,
    4,
    -1,
    -1,
    -1,
    -1,
    -1,
    -1,
    0,
    14,
    -1,
    22,
    9,
    -1,
    24,
    8,
    -1,
    6,
    -1,
    13,
    -1,
    -1,
    6,
    16,
    5,
    -1,
    -1,
    -1,
    2,
    -1,
    -1,
    5,
    -1,
    16,
    -1,
    -1,
    -1,
    1,
    4,
    -1,
    13,
    3,
    -1,
    16,
    1,
    1,
    6,
    -1,
    17,
    -1,
    5,
    -1,
    14,
    1,
    -1,
    -1,
    0,
    -1,
    -1,
    8,
    5,
    -1,
    24,
    1,
    5,
    4,
    2,
    3,
    3,
    1,
    -1,
    11,
    -1,
    11,
    1,
    -1,
    -1,
    -1,
    21,
    2,
    0,
    -1,
    -1,
    -1,
    -1,
    -1,
    0,
    -1,
    2,
    16,
    0,
    0,
    -1,
    11,
    13,
    -1,
    -1,
    8,
    -1,
    -1,
    9,
    11,
    9,
    -1,
    -1,
    -1,
    -1,
    -1,
    3,
    13,
    22,
    7,
    -1,
    18,
    12,
    -1,
    8,
    10,
    13,
    0,
    5,
    23,
    -1,
    15,
    -1,
    -1,
    11,
    2,
    2,
    15,
    1,
    15,
    -1,
    -1,
    -1,
    -1,
    -1,
    -1,
    -1,
    1,
    -1,
    -1,
    -1,
    -1,
    -1,
    -1,
    -1,
    9,
    -1,
    1,
    -1,
    -1,
    3,
    16,
    10,
    -1,
    21,
    -1,
    16,
    -1,
    -1,
    -1,
    10,
    0,
    4,
    6,
    -1,
    9,
    10,
    -1,
    -1,
    -1,
    -1,
    -1,
    7,
    -1,
    8,
    -1,
    -1,
    -1,
    -1,
    -1,
    21,
    7,
    -1,
    7,
    2,
    9,
    23,
    -1,
    0,
    -1,
    -1,
    5,
    -1,
    -1,
    16,
    16,
    7,
    -1,
    -1,
    -1,
    1,
    6,
    1,
    8,
    1,
    3,
    12,
    -1,
    2,
    0,
    -1,
    6,
    1,
    -1,
    -1,
    3,
    -1,
    -1,
    -1,
    -1,
    -1,
    2,
    -1,
    -1,
    -1,
    -1,
    5,
    25,
    -1,
    -1,
    -1,
    20,
    20,
    -1,
    -1,
    21,
    15,
    -1,
    5,
    17,
    0,
    3,
    6,
    10,
    6,
    0,
    8,
    14,
    14,
    2,
    -1,
    -1,
    8,
    9,
    9,
    -1,
    5,
    -1,
    -1,
    -1,
    1,
    1,
    -1,
    -1,
    -1,
    2,
    2,
    -1,
    21,
    17,
    -1,
    3,
    -1,
    9,
    -1,
    21,
    21,
    21,
    -1,
    21,
    -1,
    -1,
    -1,
    -1,
    12,
    3,
    -1,
    -1,
    -1,
    12,
    12,
    25,
    -1,
    -1,
    -1,
    8,
    -1,
    -1,
    -1,
    -1,
    -1,
    15,
    6,
    -1,
    12,
    20,
    -1,
    -1,
    12,
    12,
    -1,
    4,
    4,
    15,
    -1,
    9,
    2,
    2,
    2,
    4,
    -1,
    -1,
    -1,
    -1,
    -1,
    -1,
    -1,
    -1,
    -1,
    12,
    9,
    18,
    -1,
    23,
    -1,
    3,
    0,
    12,
    3,
    14,
    -1,
    4,
    2,
    23,
    -1,
    17,
    -1,
    -1,
    -1,
    -1,
    -1,
    -1,
    7,
    -1,
    -1,
    -1,
    23,
    4,
    0,
    20,
    -1,
    8,
    -1,
    24,
    8,
    0,
    0,
    -1,
    0,
    22,
    3,
    5,
    2,
    -1,
    1,
    4,
    7,
    -1,
    -1,
    -1,
    22,
    -1,
    7,
    7,
    -1,
    -1,
    -1,
    -1,
    0,
    0,
    -1,
    1,
    6,
    2,
    5,
    4,
    -1,
    -1,
    -1,
    -1,
    0,
    -1,
    -1,
    -1,
    17,
    -1,
    19,
    -1,
    22,
    -1,
    12,
    12,
    15,
    15,
    13,
    -1,
    3,
    -1,
    -1,
    -1,
    9,
    3,
    2,
    -1,
    3,
    24,
    14,
    20,
    -1,
    20,
    9,
    4,
    -1,
    13,
    8,
    5,
    -1,
    0,
    0,
    2,
    -1,
    -1,
    1,
    -1,
    -1,
    1,
    -1,
    -1,
    -1,
    13,
    -1,
    -1,
    -1,
    13,
    15,
    0,
    24,
    11,
    -1,
    15,
    1,
    -1,
    10,
    14,
    -1,
    8,
    -1,
    0,
    7,
    -1,
    6,
    6,
    7,
    -1,
    -1,
    -1,
    -1,
    -1,
    4,
    -1,
    2,
    2,
    -1,
    -1,
    -1,
    -1,
    7,
    -1,
    -1,
    14,
    -1,
    -1,
    11,
    -1,
    13,
    16,
    5,
    -1,
    -1,
    -1,
    10,
    -1,
    20,
    -1,
    -1,
    8,
    23,
    -1,
    0,
    -1,
    8,
    8,
    -1,
    -1,
    -1,
    7,
    2,
    -1,
    20,
    20,
    20,
    -1,
    -1,
    -1,
    -1,
    20,
    -1,
    -1,
    6,
    23,
    13,
    5,
    19,
    -1,
    4,
    1,
    -1,
    5,
    -1,
    -1,
    16,
    13,
    -1,
    -1,
    -1,
    4,
    -1,
    1,
    -1,
    -1,
    -1,
    0,
    -1,
    -1,
    1,
    22,
    12,
    20,
    -1,
    4,
    -1,
    2,
    0,
    22,
    10,
    14,
    1,
    -1,
    4,
    25,
    8,
    -1,
    -1,
    1,
    12,
    -1,
    0,
    -1,
    -1,
    7,
    7,
    -1,
    3,
    2,
    0,
    0,
    23,
    17,
    -1,
    -1,
    -1,
    -1,
    11,
    11,
    2,
    -1,
    -1,
    10,
    10,
    2,
    -1,
    7,
    7,
    -1,
    -1,
    -1,
    8,
    16,
    -1,
    -1,
    -1,
    7,
    0,
    0,
    6,
    -1,
    -1,
    -1,
    7,
    -1,
    21,
    7,
    14,
    7,
    7,
    -1,
    7,
    23,
    -1,
    -1,
    -1,
    17,
    0,
    -1,
    1,
    3,
    3,
    12,
    24,
    17,
    -1,
    -1,
    12,
    15,
    15,
    24,
    12,
    0,
    22,
    2,
    2,
    -1,
    1,
    -1,
    5,
    -1,
    1,
    -1,
    -1,
    0,
    -1,
    25,
    -1,
    15,
    -1,
    7,
    4,
    4,
    4,
    4,
    -1,
    -1,
    -1,
    -1,
    -1,
    -1,
    -1,
    -1,
    7,
    20,
    -1,
    19,
    -1,
    0,
    4,
    4,
    -1,
    25,
    2,
    -1,
    -1,
    4,
    1,
    -1,
    0,
    -1,
    4,
    -1,
    -1,
    3,
    3,
    -1,
    19,
    19,
    -1,
    19,
    -1,
    -1,
    -1,
    -1,
    -1,
    22,
    6,
    -1,
    -1,
    19,
    -1,
    11,
    11,
    11,
    6,
    -1,
    -1,
    2,
    2,
    14,
    5,
    -1,
    23,
    2,
    -1,
    0,
    -1,
    -1,
    0,
    19,
    9,
    2,
    -1,
    -1,
    6,
    5,
    0,
    14,
    8,
    11,
    0,
    -1,
    4,
    -1,
    -1,
    -1,
    -1,
    18,
    18,
    -1,
    -1,
    16,
    3,
    3,
    5,
    5,
    1,
    1,
    2,
    5,
    -1,
    -1,
    -1,
    -1,
    -1,
    -1,
    18,
    2,
    5,
    4,
    11,
    -1,
    -1,
    -1,
    -1,
    -1,
    -1,
    10,
    11,
    10,
    -1,
    -1,
    -1,
    19,
    -1,
    -1,
    -1,
    -1,
    -1,
    -1,
    11,
    11,
    -1,
    6,
    24,
    0,
    8,
    6,
    23,
    17,
    22,
    -1,
    -1,
    25,
    21,
    9,
    -1,
    5,
    -1,
    -1,
    -1,
    3,
    2,
    -1,
    13,
    13,
    6,
    -1,
    -1,
    2,
    -1,
    -1,
    -1,
    -1,
    13,
    17,
    1,
    -1,
    18,
    16,
    -1,
    -1,
    -1,
    1,
    1,
    0,
    -1,
    -1,
    0,
    0,
    4,
    5,
    -1,
    22,
    0,
    9,
    -1,
    -1,
    9,
    -1,
    -1,
    14,
    0,
    12,
    -1,
    5,
    -1,
    17,
    0,
    -1,
    -1,
    17,
    3,
    1,
    2,
    6,
    18,
    -1,
    1,
    1,
    15,
    7,
    25,
    0,
    -1,
    -1,
    18,
    8,
    1,
    4,
    0,
    7,
    2,
    -1,
    -1,
    10,
    -1,
    -1,
    -1,
    5,
    1,
    16,
    -1,
    1,
    -1,
    9,
    9,
    6,
    -1,
    2,
    -1,
    -1,
    -1,
    12,
    12,
    2,
    -1,
    0,
    -1,
    -1,
    17,
    -1,
    -1,
    -1,
    4,
    19,
    -1,
    1,
    -1,
    -1,
    7,
    -1,
    -1,
    -1,
    -1,
    -1,
    19,
    -1,
    -1,
    18,
    6,
    -1,
    3,
    0,
    1,
    -1,
    6,
    1,
    -1,
    -1,
    1,
    5,
    6,
    4,
    1,
    2,
    0,
    -1,
    -1,
    1,
    1,
    14,
    -1,
    11,
    -1,
    0,
    -1,
    19,
    8,
    -1,
    3,
    -1,
    -1,
    -1
  ],
  "topic_sizes": {
    "8": 29,
    "-1": 526,
    "0": 69,
    "3": 39,
    "14": 18,
    "1": 64,
    "2": 51,
    "13": 21,
    "6": 35,
    "4": 38,
    "10": 22,
    "9": 27,
    "25": 9,
    "12": 21,
    "22": 12,
    "24": 9,
    "11": 21,
    "7": 31,
    "5": 35,
    "18": 14,
    "17": 15,
    "23": 12,
    "19": 14,
    "15": 18,
    "16": 17,
    "21": 13,
    "20": 14
  },
  "topic_mapper": [
    [
      -1,
      -1,
      -1
    ],
    [
      0,
      0,
      18
    ],
    [
      1,
      1,
      2
    ],
    [
      2,
      2,
      9
    ],
    [
      3,
      3,
      0
    ],
    [
      4,
      4,
      8
    ],
    [
      5,
      5,
      22
    ],
    [
      6,
      6,
      12
    ],
    [
      7,
      7,
      11
    ],
    [
      8,
      8,
      19
    ],
    [
      9,
      9,
      15
    ],
    [
      10,
      10,
      3
    ],
    [
      11,
      11,
      1
    ],
    [
      12,
      12,
      4
    ],
    [
      13,
      13,
      5
    ],
    [
      14,
      14,
      10
    ],
    [
      15,
      15,
      24
    ],
    [
      16,
      16,
      14
    ],
    [
      17,
      17,
      16
    ],
    [
      18,
      18,
      21
    ],
    [
      19,
      19,
      25
    ],
    [
      20,
      20,
      7
    ],
    [
      21,
      21,
      20
    ],
    [
      22,
      22,
      17
    ],
    [
      23,
      23,
      13
    ],
    [
      24,
      24,
      6
    ],
    [
      25,
      25,
      23
    ]
  ],
  "topic_labels": {
    "-1": "-1_that_the_and_to",
    "0": "0_you_to_that_the",
    "1": "1_the_rules_we_that",
    "2": "2_that_it_to_the",
    "3": "3_the_so_and_that",
    "4": "4_speech_you_free_free speech",
    "5": "5_you_and_the_to",
    "6": "6_the_we_and_so",
    "7": "7_it_and_of_the",
    "8": "8_harm_that_and_of",
    "9": "9_it_we_that_like",
    "10": "10_online_you_moderation_and",
    "11": "11_of_that_the_to",
    "12": "12_to_the_and_it",
    "13": "13_we_of_to_in",
    "14": "14_to_and_goal_the",
    "15": "15_we_ban_and_that",
    "16": "16_quality_that_the_to",
    "17": "17_you_like_that_the",
    "18": "18_rediquette_it_that_the",
    "19": "19_like_you_so_and",
    "20": "20_to_that_the_it",
    "21": "21_and_was_like_he",
    "22": "22_to_you_know_like",
    "23": "23_and_the_like_of",
    "24": "24_of_that_it_the",
    "25": "25_we_to_and_the"
  },
  "custom_labels": [
    "Reddit posts and user behavior",
    "Anonymity and its impact on online vs offline conversations, with a focus on Reddit",
    "Discussion on the rules of an online community",
    "The Role of AI in Moderation and the Future of Human Moderators",
    "Moderating the Mod Queue and Mod Mail",
    "Free Speech and Government Limitations",
    "The Importance of Moderation in Online Communities",
    "Reddit Moderator Hierarchy",
    "Controversial subreddit and the presence of women and trans people",
    "Moderation and its role in reducing harm and improving quality",
    "Bot and Auto Moderator Usage on Reddit",
    "The Need for More Online Moderation and Consequences",
    "Dangers of Online Communities and Social Media Platforms",
    "Civil and open political discussions within a community",
    "Moderators' communication and decision-making process",
    "Moderating to Improve the Sub",
    "Bans and consequences",
    "Defining High-Quality Content in Online Communities",
    "Rules and moderators in a subreddit",
    "Rediquette and its influence on Reddit behavior",
    "Subreddit and Comments Analysis",
    "Dealing with arguing in bad faith in moderating political comments",
    "Moderators removing posts and enforcing rules",
    "Opportunities for improving online discussion",
    "Mod List and Moderation in Subreddits",
    "Moderation and its Role in Community Management",
    "Moderation Challenges in an Online Community"
  ],
  "_outliers": 1,
  "topic_aspects": {
    "Aspect1": {
      "-1": [
        [
          "Reddit posts and user behavior",
          1
        ]
      ],
      "0": [
        [
          "Anonymity and its impact on online vs offline conversations, with a focus on Reddit",
          1
        ]
      ],
      "1": [
        [
          "Discussion on the rules of an online community",
          1
        ]
      ],
      "2": [
        [
          "The Role of AI in Moderation and the Future of Human Moderators",
          1
        ]
      ],
      "3": [
        [
          "Moderating the Mod Queue and Mod Mail",
          1
        ]
      ],
      "4": [
        [
          "Free Speech and Government Limitations",
          1
        ]
      ],
      "5": [
        [
          "The Importance of Moderation in Online Communities",
          1
        ]
      ],
      "6": [
        [
          "Reddit Moderator Hierarchy",
          1
        ]
      ],
      "7": [
        [
          "Controversial subreddit and the presence of women and trans people",
          1
        ]
      ],
      "8": [
        [
          "Moderation and its role in reducing harm and improving quality",
          1
        ]
      ],
      "9": [
        [
          "Bot and Auto Moderator Usage on Reddit",
          1
        ]
      ],
      "10": [
        [
          "The Need for More Online Moderation and Consequences",
          1
        ]
      ],
      "11": [
        [
          "Dangers of Online Communities and Social Media Platforms",
          1
        ]
      ],
      "12": [
        [
          "Civil and open political discussions within a community",
          1
        ]
      ],
      "13": [
        [
          "Moderators' communication and decision-making process",
          1
        ]
      ],
      "14": [
        [
          "Moderating to Improve the Sub",
          1
        ]
      ],
      "15": [
        [
          "Bans and consequences",
          1
        ]
      ],
      "16": [
        [
          "Defining High-Quality Content in Online Communities",
          1
        ]
      ],
      "17": [
        [
          "Rules and moderators in a subreddit",
          1
        ]
      ],
      "18": [
        [
          "Rediquette and its influence on Reddit behavior",
          1
        ]
      ],
      "19": [
        [
          "Subreddit and Comments Analysis",
          1
        ]
      ],
      "20": [
        [
          "Dealing with arguing in bad faith in moderating political comments",
          1
        ]
      ],
      "21": [
        [
          "Moderators removing posts and enforcing rules",
          1
        ]
      ],
      "22": [
        [
          "Opportunities for improving online discussion",
          1
        ]
      ],
      "23": [
        [
          "Mod List and Moderation in Subreddits",
          1
        ]
      ],
      "24": [
        [
          "Moderation and its Role in Community Management",
          1
        ]
      ],
      "25": [
        [
          "Moderation Challenges in an Online Community",
          1
        ]
      ]
    },
    "Aspect2": {
      "-1": [
        [
          "post",
          0.24645689129829407
        ],
        [
          "reddit",
          0.2186855524778366
        ],
        [
          "because",
          0.21848240494728088
        ],
        [
          "something",
          0.21496856212615967
        ],
        [
          "some",
          0.19696097075939178
        ],
        [
          "just",
          0.19344478845596313
        ],
        [
          "what",
          0.1903751939535141
        ],
        [
          "re",
          0.18258070945739746
        ],
        [
          "like you",
          0.18153604865074158
        ],
        [
          "people",
          0.18068203330039978
        ]
      ],
      "0": [
        [
          "anonymity",
          0.4975351095199585
        ],
        [
          "in real life",
          0.272884726524353
        ],
        [
          "real life",
          0.27278798818588257
        ],
        [
          "reddit",
          0.24550437927246094
        ],
        [
          "talking",
          0.22619621455669403
        ],
        [
          "on reddit",
          0.22364622354507446
        ],
        [
          "people",
          0.20889393985271454
        ],
        [
          "some",
          0.1859746277332306
        ],
        [
          "offline",
          0.17524611949920654
        ],
        [
          "in real",
          0.17186947166919708
        ]
      ],
      "1": [
        [
          "rules",
          0.5032161474227905
        ],
        [
          "rules are",
          0.48216789960861206
        ],
        [
          "the rules",
          0.4571448862552643
        ],
        [
          "rules that",
          0.4420452117919922
        ],
        [
          "rule",
          0.41295456886291504
        ],
        [
          "posts",
          0.27204573154449463
        ],
        [
          "comments",
          0.24996358156204224
        ],
        [
          "post",
          0.19545841217041016
        ],
        [
          "some",
          0.1870896816253662
        ],
        [
          "just",
          0.1605931967496872
        ]
      ],
      "2": [
        [
          "human moderators",
          0.4964163899421692
        ],
        [
          "ai",
          0.4859880805015564
        ],
        [
          "automation",
          0.4416614770889282
        ],
        [
          "moderation",
          0.41875308752059937
        ],
        [
          "bot",
          0.41060972213745117
        ],
        [
          "bots",
          0.4077286124229431
        ],
        [
          "replace human",
          0.3562889099121094
        ],
        [
          "moderators",
          0.3394712209701538
        ],
        [
          "machine",
          0.314589262008667
        ],
        [
          "moderator",
          0.30244171619415283
        ]
      ],
      "3": [
        [
          "the mod queue",
          0.6686780452728271
        ],
        [
          "mod queue",
          0.5683575868606567
        ],
        [
          "moderator",
          0.44992876052856445
        ],
        [
          "the mod",
          0.4123740494251251
        ],
        [
          "mod",
          0.36824318766593933
        ],
        [
          "mod mail",
          0.3626571595668793
        ],
        [
          "queue",
          0.3154539167881012
        ],
        [
          "comments",
          0.3151460886001587
        ],
        [
          "reports",
          0.2874361276626587
        ],
        [
          "posts",
          0.28476327657699585
        ]
      ],
      "4": [
        [
          "free speech",
          0.6847600340843201
        ],
        [
          "free speech is",
          0.6659438610076904
        ],
        [
          "freedom",
          0.4266669750213623
        ],
        [
          "speech is",
          0.34705373644828796
        ],
        [
          "speech",
          0.3204877972602844
        ],
        [
          "of speech",
          0.3156249225139618
        ],
        [
          "discussion",
          0.2674223482608795
        ],
        [
          "government",
          0.24906587600708008
        ],
        [
          "consequences",
          0.24540852010250092
        ],
        [
          "the government",
          0.22785323858261108
        ]
      ],
      "5": [
        [
          "we need moderation",
          0.6431342363357544
        ],
        [
          "no moderation",
          0.5709900856018066
        ],
        [
          "without moderation",
          0.5687393546104431
        ],
        [
          "need moderation",
          0.5590260028839111
        ],
        [
          "moderation",
          0.47773975133895874
        ],
        [
          "moderators",
          0.37887027859687805
        ],
        [
          "we need",
          0.19332355260849
        ],
        [
          "some",
          0.16237182915210724
        ],
        [
          "why",
          0.13435028493404388
        ],
        [
          "it would",
          0.1331588625907898
        ]
      ],
      "6": [
        [
          "moderators",
          0.5953046083450317
        ],
        [
          "moderator",
          0.49031561613082886
        ],
        [
          "mods",
          0.4199034571647644
        ],
        [
          "mod",
          0.3646061420440674
        ],
        [
          "the hierarchy",
          0.353576123714447
        ],
        [
          "hierarchy",
          0.34169691801071167
        ],
        [
          "usually",
          0.17486190795898438
        ],
        [
          "sub",
          0.15421274304389954
        ],
        [
          "the top",
          0.15303754806518555
        ],
        [
          "we",
          0.14873942732810974
        ]
      ],
      "7": [
        [
          "controversial subreddit",
          0.4378044605255127
        ],
        [
          "trans people",
          0.4016597270965576
        ],
        [
          "the sub",
          0.33751416206359863
        ],
        [
          "trans",
          0.334824800491333
        ],
        [
          "controversial",
          0.320438027381897
        ],
        [
          "women",
          0.28559577465057373
        ],
        [
          "the subreddit",
          0.2804357707500458
        ],
        [
          "our subreddit",
          0.25729450583457947
        ],
        [
          "some",
          0.24335810542106628
        ],
        [
          "sub",
          0.2433057725429535
        ]
      ],
      "8": [
        [
          "moderation is",
          0.6123862266540527
        ],
        [
          "moderation",
          0.5627986192703247
        ],
        [
          "reducing harm",
          0.4968383312225342
        ],
        [
          "harm",
          0.30607491731643677
        ],
        [
          "reducing",
          0.22517234086990356
        ],
        [
          "improving",
          0.19507592916488647
        ],
        [
          "being",
          0.19418424367904663
        ],
        [
          "reduction",
          0.1938115805387497
        ],
        [
          "quality",
          0.19289949536323547
        ],
        [
          "expectations",
          0.16335874795913696
        ]
      ],
      "9": [
        [
          "bots",
          0.4933037757873535
        ],
        [
          "bot",
          0.4184637665748596
        ],
        [
          "auto mod",
          0.41249334812164307
        ],
        [
          "the bot",
          0.3913900852203369
        ],
        [
          "the auto mod",
          0.39036157727241516
        ],
        [
          "mod",
          0.3460528552532196
        ],
        [
          "auto",
          0.3112262487411499
        ],
        [
          "automatically",
          0.30420780181884766
        ],
        [
          "ai",
          0.2969205677509308
        ],
        [
          "words",
          0.24358536303043365
        ]
      ],
      "10": [
        [
          "more moderation online",
          0.7311825156211853
        ],
        [
          "moderation online",
          0.6382417678833008
        ],
        [
          "need more moderation",
          0.6007289290428162
        ],
        [
          "more moderation",
          0.5544393062591553
        ],
        [
          "moderation",
          0.44472140073776245
        ],
        [
          "quality moderators",
          0.36474400758743286
        ],
        [
          "high quality moderators",
          0.33387255668640137
        ],
        [
          "moderated",
          0.3170415461063385
        ],
        [
          "think we need",
          0.2302100509405136
        ],
        [
          "consequences",
          0.19842903316020966
        ]
      ],
      "11": [
        [
          "the biggest danger",
          0.3463386297225952
        ],
        [
          "twitter",
          0.3114054203033447
        ],
        [
          "facebook",
          0.3059539496898651
        ],
        [
          "biggest danger",
          0.29519981145858765
        ],
        [
          "reddit",
          0.28395140171051025
        ],
        [
          "misinformation",
          0.26017457246780396
        ],
        [
          "people",
          0.25960156321525574
        ],
        [
          "danger",
          0.2503889799118042
        ],
        [
          "group",
          0.20376379787921906
        ],
        [
          "some",
          0.20087748765945435
        ]
      ],
      "12": [
        [
          "discussions",
          0.5288363695144653
        ],
        [
          "discussion",
          0.49813902378082275
        ],
        [
          "conversation",
          0.39961451292037964
        ],
        [
          "good political",
          0.34742075204849243
        ],
        [
          "political",
          0.3160128593444824
        ],
        [
          "economics",
          0.2864001989364624
        ],
        [
          "conflict",
          0.27366903424263
        ],
        [
          "community",
          0.24977746605873108
        ],
        [
          "people",
          0.21250402927398682
        ],
        [
          "being",
          0.20244908332824707
        ]
      ],
      "13": [
        [
          "moderators",
          0.518185019493103
        ],
        [
          "mods",
          0.4223148822784424
        ],
        [
          "the mod",
          0.411598265171051
        ],
        [
          "mod mail",
          0.39975762367248535
        ],
        [
          "mod",
          0.36103707551956177
        ],
        [
          "discord",
          0.30487334728240967
        ],
        [
          "discussion",
          0.2888849973678589
        ],
        [
          "chat",
          0.27621379494667053
        ],
        [
          "talk",
          0.22727300226688385
        ],
        [
          "message",
          0.19205433130264282
        ]
      ],
      "14": [
        [
          "main goal",
          0.47784799337387085
        ],
        [
          "main goal is",
          0.43289196491241455
        ],
        [
          "my main goal",
          0.40310966968536377
        ],
        [
          "goal is to",
          0.393518328666687
        ],
        [
          "moderate",
          0.3620302975177765
        ],
        [
          "my goal",
          0.35634586215019226
        ],
        [
          "improving the",
          0.3390128016471863
        ],
        [
          "sub",
          0.32043159008026123
        ],
        [
          "to keep",
          0.3178403675556183
        ],
        [
          "just to",
          0.2994001507759094
        ]
      ],
      "15": [
        [
          "bans",
          0.5021694898605347
        ],
        [
          "ban",
          0.4857025146484375
        ],
        [
          "day ban",
          0.44818079471588135
        ],
        [
          "ban them for",
          0.44816142320632935
        ],
        [
          "permanent ban",
          0.44319212436676025
        ],
        [
          "ban them",
          0.4230470359325409
        ],
        [
          "banned",
          0.39329981803894043
        ],
        [
          "rules",
          0.3521689176559448
        ],
        [
          "warning",
          0.29749181866645813
        ],
        [
          "final warning",
          0.26157689094543457
        ]
      ],
      "16": [
        [
          "quality content",
          0.6216549873352051
        ],
        [
          "high quality subreddit",
          0.5902566909790039
        ],
        [
          "quality subreddit",
          0.5515468120574951
        ],
        [
          "high quality is",
          0.551266074180603
        ],
        [
          "quality of",
          0.4823325276374817
        ],
        [
          "quality",
          0.4742550849914551
        ],
        [
          "kind of quality",
          0.46820712089538574
        ],
        [
          "highest quality",
          0.46766096353530884
        ],
        [
          "of quality",
          0.45845478773117065
        ],
        [
          "high quality",
          0.4492917060852051
        ]
      ],
      "17": [
        [
          "rules",
          0.4019154906272888
        ],
        [
          "moderators",
          0.3522525429725647
        ],
        [
          "the rules",
          0.34536898136138916
        ],
        [
          "rule",
          0.3450905680656433
        ],
        [
          "comments",
          0.3164079785346985
        ],
        [
          "get kicked",
          0.2697002589702606
        ],
        [
          "academics being",
          0.2631714344024658
        ],
        [
          "situation",
          0.2451220601797104
        ],
        [
          "get kicked out",
          0.23674564063549042
        ],
        [
          "the subreddit",
          0.23295611143112183
        ]
      ],
      "18": [
        [
          "rediquette",
          0.5871790647506714
        ],
        [
          "rediquette to",
          0.49661368131637573
        ],
        [
          "reddit rules",
          0.3778601288795471
        ],
        [
          "guidelines",
          0.34617236256599426
        ],
        [
          "rules and",
          0.3391401171684265
        ],
        [
          "behavior",
          0.32945045828819275
        ],
        [
          "rules",
          0.3287661075592041
        ],
        [
          "re",
          0.2591744661331177
        ],
        [
          "reddiquette",
          0.2518170475959778
        ],
        [
          "the subreddit",
          0.23507386445999146
        ]
      ],
      "19": [
        [
          "subs",
          0.42329472303390503
        ],
        [
          "comments",
          0.4204043745994568
        ],
        [
          "reddit",
          0.33938974142074585
        ],
        [
          "subreddit",
          0.2913829982280731
        ],
        [
          "people",
          0.2825275659561157
        ],
        [
          "post",
          0.27221056818962097
        ],
        [
          "and we",
          0.25859642028808594
        ],
        [
          "lot of",
          0.2574082911014557
        ],
        [
          "we",
          0.25559017062187195
        ],
        [
          "re",
          0.2512471079826355
        ]
      ],
      "20": [
        [
          "arguing in bad",
          0.4475175738334656
        ],
        [
          "in bad faith",
          0.378165066242218
        ],
        [
          "arguing",
          0.3717324733734131
        ],
        [
          "bad faith",
          0.35446253418922424
        ],
        [
          "arguing in",
          0.33906829357147217
        ],
        [
          "moderate",
          0.25976496934890747
        ],
        [
          "comment",
          0.2526587247848511
        ],
        [
          "ban",
          0.23453137278556824
        ],
        [
          "political",
          0.22883811593055725
        ],
        [
          "remove",
          0.19057494401931763
        ]
      ],
      "21": [
        [
          "moderators",
          0.389496386051178
        ],
        [
          "post was removed",
          0.35610532760620117
        ],
        [
          "moderator",
          0.3334554135799408
        ],
        [
          "removed",
          0.29527711868286133
        ],
        [
          "rules or",
          0.29055875539779663
        ],
        [
          "rules",
          0.26967698335647583
        ],
        [
          "the rules or",
          0.2569982409477234
        ],
        [
          "the rules",
          0.25686079263687134
        ],
        [
          "was removed",
          0.25654348731040955
        ],
        [
          "post",
          0.24594712257385254
        ]
      ],
      "22": [
        [
          "online discussion",
          0.47015392780303955
        ],
        [
          "improving online",
          0.4260275363922119
        ],
        [
          "discussion",
          0.36936667561531067
        ],
        [
          "for improving",
          0.36604586243629456
        ],
        [
          "to communicate",
          0.36161673069000244
        ],
        [
          "improving",
          0.35273608565330505
        ],
        [
          "the biggest opportunity",
          0.3408460021018982
        ],
        [
          "communicate",
          0.3266628384590149
        ],
        [
          "contribute",
          0.3104221224784851
        ],
        [
          "biggest opportunity",
          0.29151850938796997
        ]
      ],
      "23": [
        [
          "moderators",
          0.5579442977905273
        ],
        [
          "moderating",
          0.5399000644683838
        ],
        [
          "moderation",
          0.47028809785842896
        ],
        [
          "moderator",
          0.4695771038532257
        ],
        [
          "mods",
          0.42471688985824585
        ],
        [
          "the mod list",
          0.41896581649780273
        ],
        [
          "the mod",
          0.4181842803955078
        ],
        [
          "mod",
          0.36584144830703735
        ],
        [
          "mod list",
          0.3370530605316162
        ],
        [
          "the sub",
          0.250211626291275
        ]
      ],
      "24": [
        [
          "moderation is",
          0.5932930707931519
        ],
        [
          "moderation",
          0.5923750996589661
        ],
        [
          "moderation is not",
          0.49611636996269226
        ],
        [
          "moderator",
          0.4937870502471924
        ],
        [
          "debate",
          0.3212354779243469
        ],
        [
          "the debate",
          0.320930153131485
        ],
        [
          "middle management",
          0.2987630367279053
        ],
        [
          "management",
          0.29255902767181396
        ],
        [
          "sort of community",
          0.27493321895599365
        ],
        [
          "be positive",
          0.236321359872818
        ]
      ],
      "25": [
        [
          "comments",
          0.34177321195602417
        ],
        [
          "we try not",
          0.2662784457206726
        ],
        [
          "the conversation",
          0.26201558113098145
        ],
        [
          "conversation",
          0.2512722611427307
        ],
        [
          "changing their mind",
          0.24585866928100586
        ],
        [
          "re not just",
          0.21053370833396912
        ],
        [
          "because we",
          0.20418041944503784
        ],
        [
          "remove",
          0.19483545422554016
        ],
        [
          "post",
          0.18501076102256775
        ],
        [
          "because",
          0.1785959154367447
        ]
      ]
    }
  }
}