name,UMAP_n_neighbors,UMAP_min_distance,UMAP_n_components,CountVec_ngram_max,HDBSCAN_min_cluster_size,CoherenceCV,CoherenceUCI,CoherenceNPMI,CoherenceUMASS,nTopics,Outliers
solar-sweep-9,10,0.1,2,3,9,0.8803669193236541,0.3953116464673855,0.1710321171734071,-0.0994462022125846,24.0,498.0
sleek-sweep-8,10,0.1,2,3,8,0.8898794605853908,0.4127982206854885,0.1759154476001588,-0.0506008094283152,21.0,378.0
soft-sweep-7,10,0.1,2,3,7,0.9181938282397502,0.9650739320490528,0.2036408351678992,1.0000889005818412e-12,1.0,1180.0
treasured-sweep-6,10,0.1,2,2,9,0.8270800833875218,0.2174296463694373,0.1133045707018272,-0.06050426055465,19.0,378.0
playful-sweep-5,10,0.1,2,2,8,0.7992067875919673,-0.3085245933609244,0.0907954709139342,-0.0805002064836336,26.0,442.0
winter-sweep-4,10,0.1,2,2,7,0.8526131767628966,0.5595982457999229,0.1300808346508876,1.0000889005818412e-12,1.0,1180.0
radiant-sweep-3,10,0.1,2,1,9,0.3195260665086459,-0.0281751330654123,-0.0126913274314127,-0.0432999853088617,21.0,352.0
playful-sweep-2,10,0.1,2,1,8,0.3244760711490818,-0.04874877648557,-0.0101410930242133,-0.0820856144260072,29.0,430.0
earnest-sweep-1,10,0.1,2,1,7,0.3348712298196528,-0.145452931432613,-0.0072408352385878,-0.129873225354995,35.0,449.0
valiant-sweep-18,10,0.1,4,2,7,0.7853878458603865,-0.5238582528884819,0.080943586985768,-0.1019412685774639,30.0,551.0
easy-sweep-17,10,0.1,3,2,7,0.8519938429330312,0.5837302535584679,0.1335570077394687,1.0000889005818412e-12,1.0,1181.0
jolly-sweep-16,10,0.1,2,2,7,0.7458007912101229,-1.1496160321728792,0.0603267978540826,-0.1298248848395986,31.0,417.0
spring-sweep-15,10,0.0,4,2,7,0.7807539538136824,-0.4159989940947531,0.0848703977901725,-0.134947850495933,31.0,460.0
cerulean-sweep-14,10,0.0,3,2,7,0.7581257942826377,-0.973634729298919,0.0600794017760572,-0.1483595882198737,38.0,464.0
unique-sweep-13,10,0.0,2,2,7,0.7572575946681432,-1.0415049706520054,0.0561146397876232,-0.1067507228786289,42.0,409.0
classic-sweep-12,10,0.1,4,2,6,0.7541469775935756,-1.012101697131519,0.0569170572338784,-0.1527495252396804,33.0,512.0
restful-sweep-11,10,0.1,3,2,6,0.753041039436288,-0.9791359170615956,0.0598412404398377,-0.1286541652709276,36.0,507.0
exalted-sweep-10,10,0.1,2,2,6,0.7339624648808609,-1.4585389701911828,0.0375235351716302,-0.17121320469359,40.0,444.0
vocal-sweep-9,10,0.0,4,2,6,0.7158400254858367,-1.5780108465634644,0.0332966649412847,-0.2002370071695716,41.0,428.0
classic-sweep-8,10,0.0,3,2,6,0.700802686121296,-1.8006107268510243,0.0255796981293623,-0.2005419569580872,44.0,428.0
elated-sweep-7,10,0.0,2,2,6,0.6973938222092952,-1.9786816052058536,0.016169326444621,-0.2144548897185285,50.0,387.0
chocolate-sweep-6,10,0.1,4,2,5,0.6853935777433202,-2.3416505952538857,0.0010047301039058,-0.2456080088448712,45.0,495.0
morning-sweep-5,10,0.1,3,2,5,0.7421982139728461,-1.194507226198923,0.0486289291244883,-0.1715607380317814,41.0,452.0
vocal-sweep-4,10,0.1,2,2,5,0.8519938429330312,0.5837302535584679,0.1335570077394687,1.0000889005818412e-12,1.0,1181.0
swift-sweep-3,10,0.0,4,2,5,0.6851821371516051,-2.194552568329137,0.0057920671014501,-0.2687555884239895,52.0,379.0
dandy-sweep-2,10,0.0,3,2,5,0.6505630684648707,-2.754203421522319,-0.0200375084675426,-0.3782309446606831,59.0,319.0
youthful-sweep-1,10,0.0,2,2,5,0.618760785228713,-3.314769770481416,-0.0436551207496491,-0.3746071904773401,63.0,375.0
toasty-sweep-3,15,0.0,4,2,5,,,,,,
toasty-sweep-2,10,0.0,4,2,5,0.710027266432097,-1.487560493620227,0.0344421936499795,-0.244591748563948,49.0,397.0
clean-sweep-1,5,0.0,4,2,5,0.6017870472925078,-3.4900194372793942,-0.0507771776675116,-0.3909529770030049,72.0,272.0
hearty-sweep-27,15,0.0,5,2,9,0.8158846948143333,-0.0428002782716601,0.1042288326322454,-0.0715669162054609,24.0,535.0
iconic-sweep-26,10,0.0,5,2,9,0.7978239000906773,-0.3798445081479792,0.0883785993836833,-0.118581246169037,24.0,466.0
wandering-sweep-25,5,0.0,5,2,9,0.8033014325055592,-0.3077089242152832,0.0912570949789932,-0.0796208727069008,30.0,365.0
major-sweep-24,15,0.0,4,2,9,0.8129201251400231,-0.0614647639566912,0.1035903498714744,-0.0750166996185719,23.0,553.0
glad-sweep-23,10,0.0,4,2,9,0.8207125230474084,0.1090734836309436,0.1116370412741961,-0.0575829404392479,22.0,510.0
woven-sweep-22,5,0.0,4,2,9,0.7870662664552682,-0.4355413008430884,0.0829322296111645,-0.1147877681637424,34.0,412.0
rural-sweep-21,15,0.0,3,2,9,0.8086720561827982,-0.1212233184779778,0.0986223897903877,-0.1032359791586748,26.0,504.0
celestial-sweep-20,10,0.0,3,2,9,0.8120432331185609,-0.1676870596022578,0.0980615837420977,-0.0640403748462809,26.0,457.0
robust-sweep-19,5,0.0,3,2,9,0.7837342959931507,-0.614952259653336,0.078991472146789,-0.0960967780524358,29.0,364.0
rosy-sweep-18,15,0.0,5,2,8,0.8095471013101652,-0.1761580657271985,0.0982114146718984,-0.0954739677037646,26.0,466.0
devout-sweep-17,10,0.0,5,2,8,0.7817174969142443,-0.7461262784924705,0.0738461920140167,-0.1038159001275685,27.0,481.0
pretty-sweep-16,5,0.0,5,2,8,0.7530330799107315,-1.1318118099793326,0.0528197917990824,-0.155725938522333,38.0,344.0
drawn-sweep-15,15,0.0,4,2,8,0.8068735176542965,-0.1339810795601596,0.0986987377352882,-0.0894877299596324,25.0,513.0
quiet-sweep-14,10,0.0,4,2,8,0.7873948939376852,-0.5070932083776388,0.0805175485880059,-0.1301527316545759,29.0,529.0
wise-sweep-13,5,0.0,4,2,8,0.7624149097097987,-1.0508303551691442,0.0609361556357522,-0.1100822888977192,33.0,273.0
deep-sweep-12,15,0.0,3,2,8,0.7915171862432149,-0.5399991222284433,0.083640855882801,-0.0937443551574265,27.0,461.0
grateful-sweep-11,10,0.0,3,2,8,0.8153997498331319,0.198686209622952,0.111020493489809,-0.1045593176816692,24.0,409.0
dry-sweep-10,5,0.0,3,2,8,0.7718628757185951,-0.7990787179967257,0.0710869561736053,-0.119402646730748,35.0,355.0
upbeat-sweep-9,15,0.0,5,2,7,0.7742976741292299,-0.8457721208288177,0.0658127772889896,-0.119035814909177,30.0,463.0
major-sweep-8,10,0.0,5,2,7,0.7927358428861244,-0.2660555155931405,0.0920848036050109,-0.1044842841290108,32.0,436.0
rosy-sweep-7,5,0.0,5,2,7,0.7057032617066852,-1.6394491845428214,0.0309259575401404,-0.2575385268460112,46.0,367.0
wandering-sweep-6,15,0.0,4,2,7,0.7555113374857741,-1.2151819640817514,0.0522284957407619,-0.1584804328154034,31.0,540.0
fine-sweep-5,10,0.0,4,2,7,0.8013408601755048,-0.1622321266729799,0.0948269575828811,-0.090601835386051,31.0,427.0
misunderstood-sweep-4,5,0.0,4,2,7,0.6955120690480939,-1.884775519928144,0.0211166713421299,-0.2069560731052037,46.0,369.0
swift-sweep-3,15,0.0,3,2,7,0.7961290939747049,-0.3692106847423509,0.0899367502567207,-0.1012639031678828,30.0,512.0
sparkling-sweep-2,10,0.0,3,2,7,0.753412243409868,-0.9356373001734462,0.0643349526947123,-0.1646784403776343,33.0,462.0
northern-sweep-1,5,0.0,3,2,7,0.7152290231733539,-1.642771416990904,0.0314326887581124,-0.1929182714636869,47.0,392.0
helpful-sweep-16,10,0.0,4,3,20,0.8958167848581549,0.2729408584441946,0.1775285544277141,-0.0024859987411257,11.0,526.0
sleek-sweep-15,10,0.0,4,3,15,0.8957338134686951,0.3360995597229704,0.1786905920597064,-0.0373847796636522,12.0,443.0
cerulean-sweep-14,10,0.0,4,3,10,0.8944015446992176,0.435344365752301,0.178814182405891,-0.0327910717565832,22.0,481.0
atomic-sweep-13,10,0.0,4,3,9,0.9119426177384848,0.8564747395529457,0.1964911818006169,-0.0338193465955215,25.0,519.0
jumping-sweep-12,10,0.0,4,3,8,0.8811499666708543,0.2614954209404472,0.1665604611574945,-0.07399133970691,27.0,478.0
dainty-sweep-11,10,0.0,4,3,7,0.8606526169643465,-0.0194636329559761,0.1497690976627315,-0.0934586287505532,34.0,475.0
vague-sweep-10,10,0.0,4,3,6,0.85800818220429,0.1475667792917996,0.1537236644346652,-0.1306760757843071,39.0,417.0
helpful-sweep-9,10,0.0,4,3,5,0.7877652471363197,-1.0795791821702598,0.0936939539633973,-0.1998277129508726,49.0,419.0
wobbly-sweep-8,10,0.0,4,2,20,0.844797875521885,0.2713312769114587,0.1210262002304812,-0.0223979118345179,12.0,538.0
comic-sweep-7,10,0.0,4,2,15,0.8369127856236973,-0.0021619228029876,0.1099928237384395,-0.0241270774509443,14.0,539.0
mild-sweep-6,10,0.0,4,2,10,0.8526131767628966,0.5595982457999229,0.1300808346508876,1.0000889005818412e-12,1.0,1180.0
deep-sweep-5,10,0.0,4,2,9,0.8065913184806867,-0.41442825953946,0.0890071944184975,-0.0751208279396203,23.0,483.0
kind-sweep-4,10,0.0,4,2,8,0.8519938429330309,0.5837302535584679,0.1335570077394687,1.0000889005818412e-12,1.0,1181.0
dauntless-sweep-3,10,0.0,4,2,7,0.7972222708956958,-0.0853162265494408,0.098076813997423,-0.1186287238570044,32.0,442.0
vague-sweep-2,10,0.0,4,2,6,0.7285825666934409,-1.2907692739542518,0.0470536689031982,-0.186136819178951,39.0,430.0
toasty-sweep-1,10,0.0,4,2,5,0.6539198920616464,-2.4979531580038183,-0.0053712775846832,-0.2810355699561985,51.0,407.0
glowing-sweep-24,15,0.01,5,3,20,0.8921359207907049,0.1623261085449986,0.1741087709942032,-0.0105049920695902,10.0,583.0
solar-sweep-23,15,0.01,5,3,15,0.8962394663030292,0.4737173297966769,0.1825764192653052,-0.0374295791742721,15.0,515.0
avid-sweep-22,15,0.01,5,3,10,0.8837335117602343,0.3743326059137092,0.175094112659304,-0.0627885133693706,22.0,480.0
amber-sweep-21,15,0.01,5,3,9,0.8862291798010812,0.306620103935182,0.1730708672163385,-0.0348607548791212,22.0,541.0
earthy-sweep-20,15,0.01,5,3,8,0.8670036093523199,0.1169896992967747,0.1591164469435635,-0.0944293542048204,29.0,515.0
sandy-sweep-19,15,0.01,5,3,7,0.8755737507223756,0.2155106943000344,0.1631086197384213,-0.1071416494121247,29.0,525.0
rural-sweep-18,15,0.01,5,3,6,0.8655726656459377,0.0682717821391914,0.1554491368191635,-0.1084856315205965,29.0,466.0
unique-sweep-17,15,0.01,5,3,5,0.8527080239544592,0.0114357666682167,0.1477623283009093,-0.155024175497328,40.0,444.0
jolly-sweep-16,15,0.01,5,2,20,0.8483190046087592,0.1883998891342511,0.119088142698092,-0.0012410589040744,9.0,552.0
honest-sweep-15,15,0.01,5,2,15,0.8350826273635701,0.1006212030507571,0.1152824440676109,-0.0283895556437852,15.0,580.0
dry-sweep-14,15,0.01,5,2,10,0.8259905257799547,0.0421097963543884,0.1096888598869432,-0.0432378375844775,20.0,463.0
crisp-sweep-13,15,0.01,5,2,9,0.816649212491021,-0.0663348000718403,0.103424496063332,-0.0439070507933102,23.0,531.0
likely-sweep-12,15,0.01,5,2,8,0.8107655500758232,-0.1799642782450453,0.098370789858107,-0.0687107783131365,24.0,499.0
different-sweep-11,15,0.01,5,2,7,0.7657256424263261,-0.875700541517965,0.0658663040953076,-0.1574203259194551,29.0,487.0
valiant-sweep-10,15,0.01,5,2,6,0.7592593225548555,-1.0982715362452284,0.059333294619931,-0.1087483687448725,31.0,474.0
dandy-sweep-9,15,0.01,5,2,5,0.6927125686508198,-1.990670924622739,0.0147063905012341,-0.2904232783535558,43.0,425.0
celestial-sweep-8,15,0.01,5,1,20,0.3033541360790088,-0.08877343485488,-0.0240931611769613,-0.0437668294032182,11.0,535.0
curious-sweep-7,15,0.01,5,1,15,0.3072005919246394,-0.0932470684002365,-0.0211532091798275,-0.0293031554380848,14.0,490.0
mild-sweep-6,15,0.01,5,1,10,0.3249270722886647,-0.0353926883711813,-0.0094635547118722,-0.0567254922116889,23.0,557.0
pious-sweep-5,15,0.01,5,1,9,0.322972428874092,-0.0061736015851644,-0.0080122124679066,-0.0599763708931601,22.0,533.0
effortless-sweep-4,15,0.01,5,1,8,0.3170173204134523,-0.0873885467052506,-0.0146337917660187,-0.0907000668703633,22.0,517.0
autumn-sweep-3,15,0.01,5,1,7,0.3271357590441697,-0.1038423746065759,-0.0068521844670872,-0.1140317557408676,30.0,494.0
resilient-sweep-2,15,0.01,5,1,6,0.3315796901812684,-0.1431144024779112,-0.0075153122464856,-0.1423229555514001,32.0,496.0
olive-sweep-1,15,0.01,5,1,5,0.3528576799096564,-0.9575151285664074,-0.0230519398867137,-0.3448142337652802,44.0,485.0
colorful-sweep-16,15,0.01,5,2,20,0.8469858449083013,0.2737664360502164,0.1217464496620487,-0.0218172402055786,10.0,568.0
lucky-sweep-15,10,0.01,5,2,20,0.8359002477719054,-0.1071130248454692,0.1063574640548409,-0.0105843804754157,12.0,569.0
olive-sweep-14,15,0.01,5,2,15,0.8311347788438935,0.0605677252756191,0.1104993829978343,-0.0228524504350267,14.0,554.0
ethereal-sweep-13,10,0.01,5,2,15,0.8336134702611715,-0.109056173979277,0.1067754209401975,-0.0272459071799379,12.0,416.0
fearless-sweep-12,15,0.01,5,2,10,0.813889856362566,-0.0124798785436973,0.1049482174331004,-0.0764454592638285,23.0,537.0
unique-sweep-11,10,0.01,5,2,10,0.8261322125114005,0.0239969177914425,0.1086844347053425,-0.0409378397342347,20.0,470.0
toasty-sweep-10,15,0.01,5,2,9,0.8144039444971858,-0.0674821604780641,0.1038228065558803,-0.1049023535580906,23.0,513.0
sandy-sweep-9,10,0.01,5,2,9,0.8279663800862533,0.0734924029314786,0.1098392464448486,-0.0306975368122224,22.0,551.0
crisp-sweep-8,15,0.01,5,2,8,0.8044658066646533,-0.4177294634929557,0.0884457123399756,-0.0746733243141263,24.0,486.0
earthy-sweep-7,10,0.01,5,2,8,0.8100901164266099,-0.1657516953790978,0.0976329877058157,-0.0891086739054535,25.0,543.0
distinctive-sweep-6,15,0.01,5,2,7,0.7988472723031648,-0.1543842566194092,0.0961564609420391,-0.1326680627414924,27.0,457.0
splendid-sweep-5,10,0.01,5,2,7,0.8020470533770917,-0.0990244893836632,0.0985121814641772,-0.0789248806172865,31.0,461.0
swept-sweep-4,15,0.01,5,2,6,0.743046264517401,-1.176319466933303,0.0514246788341315,-0.1994091683206552,36.0,472.0
easy-sweep-3,10,0.01,5,2,6,0.7278540682256428,-1.5643491951019637,0.0343386548377714,-0.124977329800209,41.0,434.0
winter-sweep-2,15,0.01,5,2,5,0.7122020835389561,-1.70581922859031,0.02638195940514,-0.2312759594127712,42.0,428.0
wild-sweep-1,10,0.01,5,2,5,0.6617935515774838,-2.577907503486332,-0.0121382647028875,-0.3433020178675543,53.0,385.0
bumbling-sweep-16,15,0.01,5,2,20,0.8468639754855902,0.2364317969799149,0.1204773380930755,-0.0095268801943616,10.0,517.0
usual-sweep-15,10,0.01,5,2,20,0.8355313041956798,-0.1066344408214421,0.106578801890667,-0.0093974340990041,12.0,551.0
wobbly-sweep-14,15,0.01,5,2,15,0.8192525828563103,-0.0979060336015776,0.104208652626191,-0.0679198108106532,15.0,546.0
worldly-sweep-13,10,0.01,5,2,15,0.836030636254105,0.0416077112957224,0.1107213286438756,-0.0282249948652659,15.0,519.0
decent-sweep-12,15,0.01,5,2,10,0.8127832032491713,-0.0435303517464126,0.1038360569078762,-0.0937261808562857,22.0,533.0
wobbly-sweep-11,10,0.01,5,2,10,0.8519938429330309,0.5837302535584679,0.1335570077394687,1.0000889005818412e-12,1.0,1181.0
bumbling-sweep-10,15,0.01,5,2,9,0.8103455897684162,-0.2000434912509175,0.0976040238412815,-0.09952903962008,25.0,557.0
lilac-sweep-9,10,0.01,5,2,9,0.7918329591297041,-0.5192821553629903,0.0812865925702037,-0.0914237415256099,28.0,507.0
pious-sweep-8,15,0.01,5,2,8,0.802270035439688,-0.3003958138354994,0.0922609927991007,-0.1074195677375548,26.0,519.0
expert-sweep-7,10,0.01,5,2,8,0.7999176856971076,-0.2284046495824143,0.0935256534159777,-0.1035247131093536,28.0,483.0
clear-sweep-6,15,0.01,5,2,7,0.7871229565974871,-0.6157788636799757,0.0794260235825549,-0.118797881505454,27.0,509.0
winter-sweep-5,10,0.01,5,2,7,0.7640708711519109,-0.9638040217681776,0.0631495916073967,-0.0863517642942115,34.0,428.0
worldly-sweep-4,15,0.01,5,2,6,0.7330155010361912,-1.576154693242988,0.0363882771827335,-0.1810395970984423,34.0,471.0
flowing-sweep-3,10,0.01,5,2,6,0.7073654313061576,-1.7328800989521775,0.0284890168818261,-0.2395318455050097,37.0,484.0
worthy-sweep-2,15,0.01,5,2,5,0.7213295306071623,-1.508254881360227,0.0363380359098219,-0.2059667510595004,40.0,460.0
likely-sweep-1,10,0.01,5,2,5,0.7035847218508534,-1.8072733790600075,0.0243110117578399,-0.2047303345365581,44.0,370.0
curious-sweep-27,15,0.05,7,2,7,0.7920257258676867,-0.3601762795231608,0.0878523997469535,-0.1245115532642029,28.0,509.0
solar-sweep-26,15,0.05,5,2,7,0.7979081527433154,-0.475599710212667,0.0833695562296557,-0.1123000445812712,25.0,517.0
happy-sweep-25,15,0.05,3,2,7,0.7850122048469418,-0.6787215632213196,0.0752985527854927,-0.0969008548752494,27.0,488.0
honest-sweep-24,15,0.01,7,2,7,0.799293686079016,-0.250195618732118,0.0918958330259672,-0.1015224895789855,29.0,446.0
swift-sweep-23,15,0.01,5,2,7,0.8064434799174188,-0.3214263218793242,0.0927320159594812,-0.0991285969408594,26.0,493.0
sandy-sweep-22,15,0.01,3,2,7,0.7953845119033388,-0.3127610550057298,0.0895969842240127,-0.0952262799263449,35.0,478.0
decent-sweep-21,15,0.0,7,2,7,0.7877413447354633,-0.6239591861117635,0.0771970649714542,-0.1024281598396244,30.0,462.0
super-sweep-20,15,0.0,5,2,7,0.7966445247775937,-0.396317323786432,0.0872958816919721,-0.0945083195402457,26.0,500.0
proud-sweep-19,15,0.0,3,2,7,0.8177540298659113,0.0279438937782484,0.1061103833396708,-0.0818417529818521,25.0,402.0
winter-sweep-18,15,0.05,7,2,6,0.7609895089336077,-0.9580220819481452,0.0625716485149239,-0.1339135491536802,30.0,530.0
splendid-sweep-17,15,0.05,5,2,6,0.7995240451346427,-0.1870034612486872,0.0936168680676116,-0.1319781645862545,28.0,541.0
sparkling-sweep-16,15,0.05,3,2,6,0.7520259058564421,-1.1254548520539531,0.0540040448711143,-0.1925236061454088,33.0,472.0
treasured-sweep-15,15,0.01,7,2,6,0.7130992485924081,-1.762274128880553,0.0251239580578885,-0.2180196211623634,38.0,479.0
copper-sweep-14,15,0.01,5,2,6,0.7687233788004748,-0.5206847196287159,0.0798376558533993,-0.1973230638604551,32.0,475.0
woven-sweep-13,15,0.01,3,2,6,0.7364104989707686,-1.2432840515804915,0.0473525872716973,-0.1809823736474897,38.0,504.0
chocolate-sweep-12,15,0.0,7,2,6,0.7659559802065629,-0.7146148435254412,0.0712986644694367,-0.143405980532273,34.0,485.0
lilac-sweep-11,15,0.0,5,2,6,0.7781467996981918,-0.5546418367692105,0.0791575308876702,-0.1192874465756322,30.0,437.0
valiant-sweep-10,15,0.0,3,2,6,0.7365185922276607,-1.3768714318255613,0.0396715971211309,-0.195550037716794,40.0,473.0
true-sweep-9,15,0.05,7,2,5,0.7321219846818305,-1.4658268242278574,0.0380932949586579,-0.171285301273816,38.0,472.0
wise-sweep-8,15,0.05,5,2,5,0.7278910213439681,-1.669071196266808,0.0307508094267389,-0.1545711977020561,38.0,471.0
usual-sweep-7,15,0.05,3,2,5,0.7094742884685197,-1.9631597142916888,0.018093147544939,-0.1961576881509406,45.0,451.0
bumbling-sweep-6,15,0.01,7,2,5,0.7154070537123925,-1.686699846407812,0.0299462024491518,-0.202279670833413,39.0,417.0
clear-sweep-5,15,0.01,5,2,5,0.6932446285150579,-1.8254913250677849,0.0220298903840983,-0.2174526610284418,44.0,449.0
solar-sweep-4,15,0.01,3,2,5,0.71004129150168,-1.812068059596181,0.0231207317055022,-0.2158794842933664,43.0,444.0
worldly-sweep-3,15,0.0,7,2,5,0.6793777834376451,-2.286931832066696,0.0023884150373028,-0.2905571955381293,42.0,454.0
glad-sweep-2,15,0.0,5,2,5,0.6945137039457185,-1.8600247268706216,0.0176603765647758,-0.272494779676884,45.0,450.0
glowing-sweep-1,15,0.0,3,2,5,0.6963768633048398,-1.9747672597063648,0.0147218884906826,-0.2876358362785041,50.0,399.0
charmed-sweep-1,15,0.0,3,2,5,,,,,,
