Speaker,mentions_explicit,mentions_synonym
P1,False,False
P10,False,False
P11,False,True
P12,False,True
P13,False,True
P14,True,True
P15,False,False
P16,False,True
P17,True,True
P18.0,True,True
P19,True,True
P2,True,True
P20,False,True
P21,True,True
P22,True,True
P23,False,True
P24,True,True
P25,True,True
P26,False,True
P27,True,True
P28,False,True
P29,False,True
P3,True,True
P30,False,False
P31,False,False
P32,False,True
P4,False,True
P5,False,False
P6,True,True
P7,False,True
P8,False,True
P9,False,True
