Turn,Theme_TM,Theme_AG
51.0,Operational,Operational
29.0,Motivations,Motivations
89.0,Affordances,Motivations
87.0,Affordances,Affordances
33.0,Rules,Rules
96.0,Affordances,Affordances
96.1,Affordances,Affordances
59.0,Rules,Affordances
59.1,Rules,Operational
78.0,Norms,Motivations
76.0,Norms,Motivations
43.0,Operational,Operational
37.0,Managerial,Operational
67.0,Motivations,Motivations
67.1,Affordances,Affordances
47.0,Operational,Operational
81.0,Affordances,Affordances
57.0,Managerial,Operational
57.1,Managerial,Rules
53.0,Motivations,Motivations
73.1,Norms,Norms
63.0,Motivations,Motivations
1119.0,Motivations,Affordances
1036.0,Managerial,Operational
1034.0,Managerial,Managerial
1092.0,Affordances,Affordances
1023.0,Rules,Rules
1050.0,Motivations,Motivations
1054.0,Motivations,Motivations
1019.0,Affordances,outlier
1056.0,Motivations,Motivations
1088.0,Motivations,Motivations
1069.0,Operational,Managerial
1031.0,Managerial,Operational
1076.0,Managerial,Operational
1071.0,Managerial,Managerial
1044.0,Managerial,Operational
1100.0,Motivations,Operational
1107.0,Motivations,Motivations
1102.0,Motivations,Managerial
1205.0,Affordances,Motivations
1224.0,Motivations,Motivations
1177.0,Managerial,Managerial
1240.0,Norms,Rules
1203.0,Rules,Operational
1246.0,Norms,Norms
1199.0,Managerial,Operational
1191.0,Operational,Operational
1181.0,Managerial,Operational
1210.0,Managerial,Rules
1242.0,Operational,Operational
1187.1,Rules,Operational
1222.0,Motivations,Affordances
1222.1,Motivations,Affordances
1189.0,Managerial,Managerial
1189.1,Affordances,Operational
1212.0,Norms,Rules
1197.0,Rules,Operational
1218.1,Motivations,Affordances
1171.0,Operational,Rules
1220.1,Affordances,Affordances
1220.2,Affordances,Affordances
1228.1,Motivations,Motivations
1244.0,Motivations,Motivations
1237.0,Managerial,Managerial
1237.1,Managerial,Managerial
1195.1,Rules,Operational
1234.0,Affordances,Affordances
1175.0,Managerial,Managerial
1175.1,Managerial,Managerial
1349.0,Motivations,Affordances
1294.0,Rules,Rules
1355.0,Motivations,Motivations
1315.0,Motivations,Operational
1353.0,Affordances,Affordances
1307.0,Managerial,Managerial
1359.0,Motivations,Motivations
1378.0,Rules,Norms
1283.0,Norms,Managerial
1279.0,Operational,Operational
1368.0,Operational,Operational
1365.0,Rules,Affordances
1303.1,Norms,Managerial
1337.0,Motivations,Motivations
1337.2,Norms,Motivations
1309.1,Managerial,Managerial
1311.0,Operational,Operational
1311.1,Rules,Rules
1305.0,Managerial,Managerial
1374.0,Motivations,Operational
1357.0,Motivations,Affordances
1357.1,Motivations,Operational
1347.0,Motivations,Motivations
1347.1,Norms,Operational
1351.1,Affordances,Affordances
1323.1,Norms,Operational
1329.0,Managerial,Managerial
1329.1,Managerial,Operational
1290.0,Rules,Operational
1290.1,Operational,Operational
1290.2,Norms,Operational
1290.3,Rules,Rules
1414.0,Rules,Rules
1440.0,Managerial,Managerial
1422.0,Managerial,Managerial
1488.0,Motivations,Motivations
1447.0,Rules,Operational
1481.0,Operational,Operational
1456.0,Operational,Operational
1483.0,Operational,Operational
1424.0,Motivations,Motivations
1458.0,Motivations,Affordances
1464.0,Motivations,Affordances
1428.0,Rules,Operational
1430.0,Managerial,Operational
1460.0,Affordances,Operational
1490.0,Motivations,Affordances
1438.0,Rules,Rules
1466.0,Motivations,Affordances
1426.0,Norms,Operational
1535.0,Operational,Rules
1567.0,Operational,Managerial
1543.0,Operational,Operational
1559.0,Motivations,Motivations
1581.0,Norms,Norms
1601.0,Affordances,Affordances
1539.0,Operational,Operational
1625.0,Managerial,Affordances
1595.0,Motivations,Motivations
1575.0,Rules,Managerial
1555.0,Operational,Operational
1611.0,Affordances,Operational
1565.0,Operational,Operational
1590.0,Operational,Motivations
1627.1,Operational,Managerial
1619.0,Operational,Operational
1789.0,Managerial,Managerial
1730.0,Motivations,Motivations
1759.0,Rules,Norms
1708.0,Operational,Operational
1696.0,Operational,Operational
1770.0,Motivations,Operational
1716.0,Operational,Operational
1728.0,Managerial,Managerial
1692.0,Rules,Rules
1706.0,Managerial,Managerial
1751.0,Motivations,Affordances
1712.0,Operational,Operational
1704.0,Managerial,Managerial
1741.0,Motivations,Operational
1777.0,Managerial,Managerial
1779.0,Managerial,outlier
1763.0,Rules,Managerial
1694.0,Operational,Operational
1745.0,Motivations,Motivations
1765.0,Motivations,Managerial
1734.0,Norms,Managerial
1775.0,Managerial,Operational
1726.0,Rules,Operational
1757.0,Norms,Norms
1700.0,Operational,Operational
1739.0,Managerial,Operational
1864.0,Managerial,Managerial
1889.0,Rules,Rules
1871.0,Managerial,Operational
1895.0,Motivations,Motivations
1862.0,Managerial,Managerial
1877.0,Affordances,Affordances
1907.0,Norms,Affordances
1836.0,Norms,Operational
1875.0,Motivations,Motivations
1937.0,Motivations,Affordances
1838.0,Norms,Rules
1873.0,Motivations,Motivations
1885.0,Rules,Rules
1935.0,Motivations,Affordances
1935.1,Norms,Norms
1939.0,Affordances,Affordances
1854.2,Rules,Managerial
1929.0,Rules,Norms
1929.3,Affordances,Affordances
1856.1,Affordances,Operational
1856.2,Managerial,Rules
1867.0,Rules,Operational
1867.1,Operational,Operational
2039.0,Affordances,Affordances
2007.0,Operational,Managerial
2021.0,Rules,Norms
2025.0,Motivations,Operational
1985.0,Rules,Norms
1997.0,Norms,Operational
1981.0,Affordances,Affordances
2041.0,Affordances,Affordances
2013.0,Affordances,Affordances
2033.0,Motivations,Motivations
2047.0,Affordances,Norms
2018.0,Managerial,Operational
2009.0,Motivations,Motivations
2023.0,Managerial,Affordances
2023.1,Affordances,Affordances
2051.0,Affordances,Affordances
1991.0,Operational,Operational
1999.0,Operational,Operational
2005.0,Managerial,Operational
2016.0,Managerial,Norms
2035.0,Rules,Operational
1987.1,Managerial,Managerial
2160.0,Motivations,Affordances
2151.0,Managerial,Norms
2096.0,Operational,Operational
2153.0,Affordances,Motivations
2142.0,Operational,Operational
2130.0,Motivations,Motivations
2102.0,Managerial,Operational
2134.0,Affordances,Affordances
2104.0,Managerial,Managerial
2110.0,Managerial,Operational
2148.1,Affordances,Affordances
2116.0,Operational,Operational
2118.1,Operational,Operational
2114.0,Operational,Operational
2114.1,Operational,Operational
2106.0,Managerial,Managerial
2106.1,Operational,Operational
2127.0,Rules,Operational
2127.2,Managerial,Operational
2092.1,Motivations,Rules
2100.0,Operational,Managerial
2100.1,Operational,Motivations
2100.3,Managerial,Managerial
2271.0,Motivations,Norms
2225.0,Managerial,Norms
2205.0,Affordances,Managerial
2233.0,Motivations,Affordances
2297.0,Norms,Norms
2279.0,Motivations,Motivations
2257.0,Managerial,Affordances
2215.0,Operational,Operational
2213.0,Managerial,Operational
2265.0,Affordances,Operational
2269.0,Motivations,Affordances
2267.0,Affordances,Affordances
2209.0,Managerial,Managerial
2290.0,Operational,Managerial
2303.0,Motivations,Norms
2303.1,Motivations,Affordances
2277.0,Motivations,Norms
2277.1,Motivations,Norms
2248.0,Managerial,Rules
2248.1,Motivations,Operational
2241.0,Managerial,Managerial
2217.0,Motivations,Motivations
2217.1,Managerial,Operational
2305.0,Motivations,Managerial
2305.1,Affordances,Affordances
2219.0,Operational,Operational
2219.1,Managerial,Managerial
2239.0,Affordances,Motivations
2239.1,Managerial,Managerial
2285.0,Affordances,Affordances
2263.0,Affordances,Affordances
2263.2,Motivations,Operational
2255.1,Affordances,Affordances
2255.2,Motivations,Norms
2299.1,Norms,Norms
2299.3,Managerial,Operational
134.0,Managerial,Managerial
132.0,Managerial,Managerial
136.0,Rules,Rules
124.0,Operational,Operational
154.0,Affordances,Motivations
177.0,Operational,Affordances
177.1,Affordances,Affordances
126.0,Rules,Operational
147.0,Rules,Rules
145.0,Managerial,Operational
145.1,Managerial,Operational
128.0,Operational,Operational
128.1,Managerial,Managerial
181.1,Affordances,Affordances
164.0,Rules,Operational
140.1,Managerial,Operational
160.0,Motivations,Motivations
160.1,Managerial,Operational
150.0,Managerial,Managerial
150.1,Managerial,Managerial
150.2,Operational,Operational
166.1,Motivations,Operational
170.0,Affordances,Affordances
170.1,Affordances,Operational
175.0,Operational,Operational
175.1,Operational,Operational
175.2,Norms,Operational
2385.0,Motivations,Motivations
2345.0,Operational,Operational
2351.0,Managerial,Managerial
2389.0,Affordances,Affordances
2365.0,Motivations,Motivations
2375.0,Motivations,Motivations
2343.1,Operational,Operational
2404.0,Motivations,Motivations
2359.0,Operational,Operational
2359.1,Operational,Operational
2393.0,Motivations,Affordances
2373.1,Rules,Operational
2373.2,Managerial,Operational
2382.1,Rules,Rules
2371.0,Managerial,Operational
2395.0,Motivations,Motivations
2395.1,Managerial,Operational
2395.2,Affordances,Affordances
2395.3,Affordances,Affordances
2367.0,Rules,Rules
2367.1,Operational,Operational
2367.3,Managerial,Operational
2347.0,Operational,Operational
2347.1,Operational,Operational
2347.3,Operational,Operational
2363.1,Operational,Operational
2363.2,Operational,Operational
2476.0,Managerial,Operational
2478.0,Operational,Operational
2509.0,Affordances,Affordances
2456.0,Operational,Operational
2493.0,Managerial,Operational
2467.0,Affordances,outlier
2467.2,Managerial,Norms
2486.0,Operational,Operational
2507.0,Motivations,Motivations
2507.1,Managerial,Motivations
2473.0,Motivations,Motivations
2473.1,Affordances,Motivations
2491.0,Operational,Managerial
2463.0,Managerial,Managerial
2463.1,Managerial,Managerial
2463.2,Operational,outlier
2461.1,Motivations,Operational
2458.0,Affordances,Motivations
2458.1,Motivations,Norms
2458.2,Motivations,Rules
2458.3,Affordances,Operational
2504.0,Affordances,Motivations
2504.2,Managerial,Operational
2500.1,Norms,Norms
2500.2,Operational,Operational
2500.3,Affordances,Affordances
2502.1,Affordances,Affordances
2502.2,Affordances,Affordances
2498.0,Norms,Norms
2498.2,Norms,Operational
2510.0,Affordances,Affordances
2510.1,Affordances,Motivations
2510.2,Norms,Norms
2510.4,Managerial,Motivations
2510.6,Affordances,Motivations
2551.0,Operational,Operational
2596.0,Operational,Affordances
2549.0,Managerial,Managerial
2562.0,Rules,Operational
2538.0,Operational,Operational
2594.0,Affordances,Affordances
2570.0,Motivations,Motivations
2599.0,Managerial,Managerial
2555.0,Managerial,Managerial
2586.0,Affordances,Motivations
2579.0,Rules,Operational
2584.0,Motivations,Affordances
2553.0,Operational,Operational
2553.1,Managerial,Managerial
2581.1,Managerial,Managerial
2564.0,Rules,Operational
2588.1,Managerial,Affordances
2572.0,Operational,Operational
2572.1,Managerial,Managerial
2671.0,Affordances,Affordances
2655.0,Motivations,Operational
2649.0,Motivations,Motivations
2708.0,Motivations,Affordances
2696.0,Motivations,Motivations
2657.0,Rules,Operational
2661.0,Motivations,Motivations
2681.0,Motivations,Motivations
2683.0,Motivations,Affordances
2653.0,Rules,Rules
2685.0,Norms,Norms
2647.0,Motivations,Operational
2647.1,Managerial,Managerial
2647.2,Motivations,Rules
2694.0,Motivations,Affordances
2629.0,Managerial,Managerial
2666.0,Managerial,Motivations
2639.0,Motivations,Operational
2639.1,Managerial,Operational
2639.2,Motivations,Managerial
2763.0,Rules,Managerial
2791.0,Managerial,Managerial
2787.0,Affordances,Affordances
2758.0,Operational,Managerial
2776.0,Norms,Operational
2781.0,Affordances,Affordances
2778.0,Managerial,Operational
2795.0,Affordances,Motivations
2752.0,Rules,Operational
2752.1,Rules,Operational
2756.0,Motivations,Affordances
2756.1,Norms,Motivations
2769.0,Operational,Managerial
2793.0,Motivations,Norms
2789.0,Affordances,Norms
2754.0,Affordances,Norms
2746.0,Operational,Operational
2746.1,Operational,Operational
2767.1,Operational,Operational
2740.0,Operational,Operational
2748.0,Managerial,Managerial
2898.0,Affordances,Affordances
2888.0,Motivations,Affordances
2832.0,Operational,Operational
2836.0,Motivations,Operational
2866.0,Motivations,Motivations
2860.0,Motivations,Motivations
2880.0,Rules,Norms
2864.0,Motivations,Operational
2844.0,Operational,Operational
2892.0,Norms,Norms
2892.1,Norms,Affordances
2848.0,Managerial,Managerial
2858.0,Motivations,Operational
2852.0,Managerial,Operational
2882.0,Affordances,Affordances
2882.1,Affordances,Affordances
2894.0,Affordances,Affordances
2868.0,Managerial,Operational
2904.0,Motivations,Operational
2886.1,Managerial,Affordances
2873.0,Operational,Managerial
2842.1,Rules,Operational
2870.0,Managerial,Managerial
2870.1,Managerial,Managerial
2875.1,Managerial,Managerial
2854.0,Managerial,Operational
2846.0,Managerial,Rules
2846.1,Operational,Operational
2884.1,Motivations,Operational
2906.0,Affordances,Affordances
2862.0,Managerial,Rules
2862.1,Operational,Operational
2993.0,Motivations,Affordances
2995.0,Motivations,Affordances
2965.0,Motivations,Motivations
2949.0,Managerial,Managerial
2967.0,Affordances,Affordances
2955.0,Managerial,Motivations
2951.0,Managerial,Managerial
2951.1,Managerial,Managerial
2959.0,Managerial,Operational
2981.0,Motivations,Affordances
2961.0,Managerial,Managerial
2961.1,Managerial,Managerial
2947.0,Managerial,Managerial
2947.1,Managerial,Managerial
2985.0,Norms,Norms
2989.0,Affordances,Affordances
2979.0,Rules,Affordances
2979.1,Managerial,Motivations
2943.0,Managerial,Managerial
2953.0,Operational,Operational
2937.0,Managerial,Rules
2937.1,Rules,Operational
3065.0,Motivations,Motivations
3100.0,Motivations,Motivations
3075.0,Motivations,Operational
3098.0,Managerial,Managerial
3041.0,Managerial,Managerial
3085.0,Motivations,Motivations
3077.0,Affordances,Motivations
3079.0,Rules,Norms
3063.0,Managerial,Managerial
3073.1,Motivations,Motivations
3087.0,Motivations,Operational
3096.0,Managerial,Managerial
3057.0,Operational,Managerial
3053.0,Motivations,Operational
3094.1,Managerial,Managerial
3083.0,Affordances,Affordances
3083.1,Affordances,Affordances
3055.0,Motivations,Motivations
3059.0,Rules,Operational
3059.1,Managerial,Norms
3061.0,Managerial,Managerial
3061.1,Managerial,Operational
3089.0,Affordances,Norms
3089.1,Affordances,Affordances
3033.0,Motivations,Operational
3037.0,Motivations,Operational
3037.1,Operational,Operational
3031.0,Norms,Operational
3031.2,Motivations,Motivations
3070.0,Managerial,Operational
3070.1,Managerial,Managerial
3039.1,Managerial,Managerial
3218.0,Managerial,Operational
3240.0,Motivations,Affordances
3171.0,Norms,Operational
3151.0,Rules,Managerial
3161.0,Operational,Operational
3159.0,Operational,Operational
3196.0,Norms,Norms
3155.0,Managerial,Managerial
3157.0,Managerial,Operational
3206.0,Rules,Operational
3238.0,Rules,Operational
3149.0,Rules,Rules
3194.0,Operational,Operational
3202.0,Operational,Operational
3179.0,Rules,Operational
3234.0,Affordances,Affordances
3177.0,Managerial,Rules
3173.0,Managerial,Operational
3181.0,Rules,Rules
3266.0,Motivations,Affordances
3222.0,Motivations,Operational
3253.0,Managerial,Operational
3232.0,Affordances,Affordances
3264.0,Motivations,Affordances
3236.0,Motivations,Motivations
3228.0,Rules,Operational
3209.0,Affordances,Motivations
3256.1,Managerial,Operational
3345.0,Motivations,Motivations
3400.0,Managerial,Managerial
3334.0,Affordances,Affordances
3398.0,Motivations,Managerial
3332.0,Operational,Operational
3329.0,Managerial,Operational
3313.0,Managerial,Rules
3338.0,Managerial,Operational
3323.0,Operational,Operational
3363.0,Affordances,Norms
3317.0,Managerial,Managerial
3342.0,Rules,Rules
3321.0,Managerial,Managerial
3321.1,Managerial,Operational
3404.0,Affordances,Affordances
3404.1,Affordances,Affordances
3377.0,Affordances,Affordances
3402.1,Managerial,Affordances
3349.0,Motivations,Affordances
3349.1,Motivations,Motivations
3388.0,Motivations,Motivations
3351.0,Motivations,Affordances
3351.1,Managerial,outlier
3327.0,Norms,Motivations
3327.1,Motivations,Motivations
3390.0,Rules,Rules
3390.1,Managerial,Operational
3390.2,Motivations,Operational
3390.3,Managerial,Managerial
3359.0,Affordances,Affordances
3359.1,Affordances,Affordances
3319.1,Managerial,Managerial
3319.2,Operational,Managerial
3325.0,Managerial,Operational
3325.1,Operational,Operational
3396.0,Managerial,Operational
3396.1,Motivations,Motivations
3309.0,Managerial,Operational
3361.1,Operational,Operational
3361.2,Operational,Operational
3361.3,Operational,Affordances
224.0,Rules,Operational
283.0,Affordances,Affordances
232.0,Managerial,Rules
240.0,Operational,Operational
236.0,Operational,Operational
214.0,Affordances,Motivations
250.0,Rules,Operational
250.1,Affordances,Operational
244.0,Operational,Operational
263.0,Affordances,Motivations
242.1,Operational,Operational
254.0,Motivations,Motivations
254.1,Affordances,Motivations
285.0,Affordances,Affordances
285.1,Motivations,Affordances
269.0,Affordances,Affordances
269.1,Affordances,Affordances
234.1,Rules,Rules
261.0,Motivations,Motivations
277.0,Norms,Operational
222.2,Motivations,Operational
272.0,Affordances,Affordances
248.0,Managerial,Operational
248.1,Operational,Managerial
248.2,Operational,Operational
267.1,Norms,Norms
267.2,Norms,Norms
287.0,Managerial,Norms
287.1,Affordances,Affordances
287.2,Affordances,Affordances
287.3,Managerial,Motivations
252.0,Rules,Operational
252.1,Operational,Operational
252.2,Managerial,Motivations
252.3,Managerial,Operational
252.4,Managerial,Operational
252.5,Motivations,Operational
252.6,Motivations,Norms
3429.0,Norms,outlier
3506.0,Motivations,Affordances
3510.0,Norms,Norms
3461.0,Managerial,Operational
3514.0,Affordances,Affordances
3504.0,Motivations,Affordances
3485.1,Managerial,Motivations
3512.0,Norms,Affordances
3512.1,Norms,Affordances
3519.0,Norms,Motivations
3525.0,Rules,Rules
3449.0,Operational,Operational
3459.0,Managerial,Rules
3459.1,Norms,Rules
3419.0,Norms,outlier
3467.0,Rules,Rules
3467.1,Norms,Operational
3467.3,Motivations,Motivations
3481.0,Motivations,Affordances
3481.2,Norms,Norms
3502.0,Motivations,Affordances
3455.0,Managerial,Managerial
3457.0,Operational,Operational
3457.1,Norms,Operational
3457.2,Operational,Operational
3530.0,Affordances,Affordances
3530.1,Affordances,Affordances
3587.0,Managerial,Managerial
3661.0,Motivations,Managerial
3655.0,Motivations,Norms
3624.0,Affordances,Affordances
3619.0,Motivations,Motivations
3637.0,Motivations,Motivations
3605.0,Managerial,Managerial
3663.0,Affordances,Affordances
3639.0,Motivations,Affordances
3649.0,Affordances,Affordances
3609.0,Managerial,Operational
3613.0,Rules,Rules
3653.0,Affordances,Affordances
3591.0,Norms,Operational
3577.0,Operational,Operational
3667.0,Affordances,Affordances
3621.0,Norms,Norms
3679.0,Motivations,Managerial
3762.0,Affordances,Affordances
3740.0,Affordances,Affordances
3742.0,Affordances,Affordances
3760.0,Norms,Affordances
3730.1,Rules,Operational
3718.0,Managerial,Managerial
3736.0,Motivations,Motivations
3708.0,Operational,Operational
3708.1,Operational,Operational
3728.1,Rules,Rules
3746.1,Motivations,Affordances
3714.0,Managerial,Managerial
3720.0,Motivations,Motivations
3720.2,Affordances,Affordances
3726.0,Norms,Rules
3726.1,Operational,Operational
327.0,Norms,Norms
341.0,Affordances,Affordances
325.0,Motivations,Motivations
347.0,Affordances,Affordances
323.0,Operational,Operational
321.0,Operational,Managerial
321.1,Operational,Operational
321.2,Managerial,Managerial
329.1,Affordances,Affordances
329.2,Motivations,Motivations
319.1,Rules,Affordances
319.2,Affordances,Motivations
317.0,Norms,outlier
317.1,Managerial,Operational
317.3,Managerial,Managerial
331.0,Affordances,Affordances
331.1,Affordances,Affordances
335.1,Affordances,Affordances
411.0,Motivations,Operational
405.0,Managerial,Managerial
423.0,Motivations,Motivations
461.0,Affordances,Affordances
446.0,Motivations,Operational
444.0,Managerial,Operational
440.0,Rules,Rules
466.0,Motivations,Affordances
417.0,Rules,Operational
421.0,Managerial,Operational
421.1,Operational,Operational
427.0,Managerial,Operational
452.0,Motivations,Norms
419.0,Rules,Operational
464.0,Affordances,Motivations
403.0,Motivations,Operational
403.1,Operational,Operational
454.0,Affordances,Affordances
454.1,Managerial,Operational
407.0,Managerial,Managerial
407.1,Managerial,Managerial
438.0,Affordances,Affordances
438.1,Managerial,Motivations
438.2,Affordances,Operational
438.3,Rules,Operational
397.0,Norms,Operational
397.2,Norms,Operational
425.0,Rules,Operational
425.2,Norms,Managerial
559.0,Norms,Norms
629.0,Motivations,Motivations
568.0,Managerial,Managerial
533.0,Norms,Managerial
527.0,Rules,Managerial
593.0,Affordances,Affordances
537.0,Motivations,Motivations
595.0,Managerial,Operational
620.0,Affordances,Affordances
587.0,Affordances,Affordances
597.0,Norms,Norms
571.0,Motivations,Affordances
539.0,Motivations,Motivations
627.0,Motivations,Motivations
603.0,Operational,Operational
523.0,Managerial,Managerial
631.0,Motivations,Norms
581.0,Managerial,Affordances
535.0,Motivations,Operational
608.0,Affordances,Affordances
575.0,Rules,Operational
577.0,Rules,Operational
519.0,Operational,Operational
547.0,Rules,Rules
517.0,Motivations,Operational
517.1,Rules,Operational
531.0,Managerial,Managerial
515.0,Managerial,Operational
697.0,Motivations,Motivations
701.0,Norms,Norms
685.0,Motivations,Motivations
689.0,Rules,Rules
703.0,Managerial,Affordances
719.0,Affordances,Affordances
677.0,Rules,Rules
681.0,Managerial,Managerial
713.0,Motivations,Motivations
707.0,Rules,Operational
687.0,Rules,Operational
679.0,Motivations,Operational
942.0,Operational,Operational
946.0,Operational,Affordances
934.0,Operational,Affordances
932.0,Managerial,Managerial
928.0,Motivations,Operational
974.0,Affordances,Affordances
940.0,Operational,Operational
964.0,Norms,Operational
964.1,Norms,Affordances
988.0,Affordances,Motivations
972.0,Affordances,Affordances
970.0,Motivations,Affordances
970.1,Affordances,Affordances
962.1,Managerial,Affordances
962.2,Rules,Operational
968.0,Motivations,Operational
968.3,Norms,Motivations
950.1,Norms,Operational
950.2,Rules,Affordances
950.3,Norms,Operational
959.0,Managerial,Operational
959.1,Managerial,Operational
959.3,Managerial,Affordances
959.7,Norms,Operational
865.0,Motivations,Motivations
848.0,Norms,Norms
791.0,Operational,Operational
861.0,Affordances,Affordances
888.0,Affordances,Affordances
805.0,Managerial,Managerial
839.0,Rules,Rules
837.0,Rules,Operational
853.0,Motivations,Motivations
811.0,Managerial,Managerial
884.0,Norms,Norms
793.0,Rules,Rules
859.0,Affordances,Affordances
797.0,Rules,Rules
835.0,Motivations,Motivations
835.1,Managerial,Norms
900.0,Affordances,Affordances
900.1,Managerial,Operational
898.0,Affordances,Affordances
898.1,Managerial,Affordances
833.0,Norms,Operational
817.0,Motivations,Motivations
817.1,Rules,Operational
789.0,Operational,Operational
892.0,Motivations,Motivations
892.1,Motivations,Motivations
892.2,Motivations,Motivations
