Topic,Topic Name,Rationality,Interactivity,Equality,Civility,Common good reference,Constructiveness
0,"Anonymity and its impact on online vs offline conversations, with a focus on Reddit",Irrelevant,Irrelevant,Irrelevant,Relevant,Irrelevant,Relevant
1,Discussion on the rules of an online community,Relevant,Relevant,Relevant,Relevant,Relevant,Relevant
2,The Role of AI in Moderation and the Future of Human Moderators,Irrelevant,Irrelevant,Relevant,Relevant,Irrelevant,Relevant
3,Moderating the Mod Queue and Mod Mail,Irrelevant,Irrelevant,Irrelevant,Irrelevant,Irrelevant,Irrelevant
4,Free Speech and Government Limitations,Irrelevant,Irrelevant,Irrelevant,Irrelevant,Irrelevant,Irrelevant
5,The Importance of Moderation in Online Communities,Relevant,Relevant,Relevant,Relevant,Relevant,Relevant
6,Reddit Moderator Hierarchy,Irrelevant,Irrelevant,Irrelevant,Irrelevant,Irrelevant,Irrelevant
7,Controversial subreddit and the presence of women and trans people,Irrelevant,Irrelevant,Relevant,Relevant,Irrelevant,Irrelevant
8,Moderation and its role in reducing harm and improving quality,Relevant,Relevant,Irrelevant,Relevant,Relevant,Relevant
9,Bot and Auto Moderator Usage on Reddit,Irrelevant,Irrelevant,Irrelevant,Irrelevant,Irrelevant,Irrelevant
10,The Need for More Online Moderation and Consequences,Relevant,Relevant,Irrelevant,Relevant,Relevant,Relevant
11,Dangers of Online Communities and Social Media Platforms,Irrelevant,Irrelevant,Irrelevant,Relevant,Relevant,Relevant
12,Civil and open political discussions within a community,Relevant,Relevant,Relevant,Relevant,Relevant,Relevant
13,Moderators' communication and decision-making process,Irrelevant,Irrelevant,Irrelevant,Irrelevant,Irrelevant,Irrelevant
14,Moderating to Improve the Sub,Relevant,Relevant,Relevant,Relevant,Relevant,Relevant
15,Bans and consequences,Irrelevant,Irrelevant,Relevant,Relevant,Irrelevant,Relevant
16,Defining High-Quality Content in Online Communities,Relevant,Relevant,Irrelevant,Relevant,Relevant,Relevant
17,Rules and moderators in a subreddit,Relevant,Relevant,Irrelevant,Relevant,Relevant,Relevant
18,Rediquette and its influence on Reddit behavior,Irrelevant,Irrelevant,Irrelevant,Relevant,Irrelevant,Relevant
19,Subreddit and Comments Analysis,Irrelevant,Irrelevant,Irrelevant,Irrelevant,Irrelevant,Irrelevant
20,Dealing with arguing in bad faith in moderating political comments,Relevant,Relevant,Irrelevant,Irrelevant,Irrelevant,Relevant
21,Moderators removing posts and enforcing rules,Relevant,Relevant,Irrelevant,Relevant,Relevant,Relevant
22,Opportunities for improving online discussion,Relevant,Relevant,Relevant,Relevant,Relevant,Relevant
23,Mod List and Moderation in Subreddits,Irrelevant,Irrelevant,Irrelevant,Irrelevant,Irrelevant,Irrelevant
24,Moderation and its Role in Community Management,Irrelevant,Irrelevant,Irrelevant,Irrelevant,Irrelevant,Irrelevant
25,Moderation Challenges in an Online Community,Relevant,Relevant,Relevant,Relevant,Relevant,Relevant
